communityname,population,householdsize,racepctblack,racePctWhite,racePctAsian,racePctHisp,agePct12t21,agePct12t29,agePct16t24,agePct65up,numbUrban,pctUrban,medIncome,pctWWage,pctWFarmSelf,pctWInvInc,pctWSocSec,pctWPubAsst,pctWRetire,medFamInc,perCapInc,whitePerCap,blackPerCap,indianPerCap,AsianPerCap,OtherPerCap,HispPerCap,NumUnderPov,PctPopUnderPov,PctLess9thGrade,PctNotHSGrad,PctBSorMore,PctUnemployed,PctEmploy,PctEmplManu,PctEmplProfServ,PctOccupManu,PctOccupMgmtProf,MalePctDivorce,MalePctNevMarr,FemalePctDiv,TotalPctDiv,PersPerFam,PctFam2Par,PctKids2Par,PctYoungKids2Par,PctTeen2Par,PctWorkMomYoungKids,PctWorkMom,NumKidsBornNeverMar,PctKidsBornNeverMar,NumImmig,PctImmigRecent,PctImmigRec5,PctImmigRec8,PctImmigRec10,PctRecentImmig,PctRecImmig5,PctRecImmig8,PctRecImmig10,PctSpeakEnglOnly,PctNotSpeakEnglWell,PctLargHouseFam,PctLargHouseOccup,PersPerOccupHous,PersPerOwnOccHous,PersPerRentOccHous,PctPersOwnOccup,PctPersDenseHous,PctHousLess3BR,MedNumBR,HousVacant,PctHousOccup,PctHousOwnOcc,PctVacantBoarded,PctVacMore6Mos,MedYrHousBuilt,PctHousNoPhone,PctWOFullPlumb,OwnOccLowQuart,OwnOccMedVal,OwnOccHiQuart,OwnOccQrange,RentLowQ,RentMedian,RentHighQ,RentQrange,MedRent,MedRentPctHousInc,MedOwnCostPctInc,MedOwnCostPctIncNoMtg,NumInShelters,NumStreet,PctForeignBorn,PctBornSameState,PctSameHouse85,PctSameCity85,PctSameState85,LemasSwornFT,LemasSwFTPerPop,LemasSwFTFieldOps,LemasSwFTFieldPerPop,LemasTotalReq,LemasTotReqPerPop,PolicReqPerOffic,PolicPerPop,RacialMatchCommPol,PctPolicWhite,PctPolicBlack,PctPolicHisp,PctPolicAsian,PctPolicMinor,OfficAssgnDrugUnits,NumKindsDrugsSeiz,PolicAveOTWorked,LandArea,PopDens,PctUsePubTrans,PolicCars,PolicOperBudg,LemasPctPolicOnPatr,LemasGangUnitDeploy,LemasPctOfficDrugUn,PolicBudgPerPop,murders,murdPerPop,rapes,rapesPerPop,robberies,robbbPerPop,assaults,assaultPerPop,burglaries,burglPerPop,larcenies,larcPerPop,autoTheft,autoTheftPerPop,arsons,arsonsPerPop,ViolentCrimesPerPop,nonViolPerPop,larc_bin
Mercedcity,56216,3.07,6.87,61.68,15.23,29.86,15.46,30.16,14.34,8.08,56216,100.0,24727,75.05,1.12,31.42,21.45,19.98,14.41,27388,10237,13041,8344,8590,3399,6470.0,6644,13804,25.06,17.12,30.87,15.79,9.99,55.53,13.47,27.18,16.38,25.02,10.22,31.91,16.28,13.34,3.56,67.04,64.81,76.19,72.78,47.24,55.38,1960,4.49,10623,22.97,35.12,42.1,60.31,4.34,6.64,7.96,11.4,65.33,11.87,13.49,9.91,3.03,2.83,3.19,41.69,16.89,57.23,2,683,96.4,44.63,1.46,13.18,1973,4.91,0.55,71200,91100,118900,47700,298,374,455,157,438,29.8,22.6,11.7,64,0,18.9,52.67,39.19,74.58,85.88,0.0,0.0,0.0,0.0,0.0,0.0,0.0,0.0,0.0,0.0,0.0,0.0,0.0,0.0,0.0,0.0,0.0,16.7,3365.4,0.59,0.0,0.0,0.0,0.0,0.0,0.0,10,16.49,30.0,49.46,121.0,199.5,170.0,280.29,1376.0,2268.72,2563.0,4225.82,489.0,806.25,34.0,56.06,545.75,7356.84,1
GrandForkscity,49425,2.67,0.8,95.49,1.07,1.19,20.6,38.87,24.1,7.87,49425,100.0,25456,83.71,2.25,45.03,18.9,4.64,9.83,32417,11902,12096,10578,6096,9944,5528.0,6559,6526,14.48,7.24,14.24,29.28,5.08,66.75,6.38,35.22,11.28,30.59,6.77,43.87,9.78,8.28,3.07,75.26,76.33,83.86,78.54,73.58,77.17,629,1.95,1112,33.63,42.9,48.38,54.23,0.76,0.97,1.09,1.22,94.35,0.3,3.6,2.32,2.43,2.84,2.04,56.93,1.98,57.07,2,1058,94.6,48.71,0.85,20.51,1968,2.77,0.45,50800,64700,81800,31000,234,320,391,157,367,26.1,20.5,12.1,70,0,2.25,62.7,41.07,66.59,80.46,0.0,0.0,0.0,0.0,0.0,0.0,0.0,0.0,0.0,0.0,0.0,0.0,0.0,0.0,0.0,0.0,0.0,15.0,3304.7,0.95,0.0,0.0,0.0,0.0,0.0,0.0,0,0.0,19.0,37.7,14.0,27.78,28.0,55.55,234.0,464.26,2202.0,4368.79,195.0,386.88,14.0,27.78,121.02,5247.7,1
SouthSanFranciscodivision,280039,2.82,4.82,61.64,26.37,19.39,12.25,26.29,12.39,10.71,279874,99.98,43088,82.17,0.57,47.05,22.72,5.77,16.49,48707,17622,19632,15256,15338,14858,11579.0,12278,16162,5.85,7.33,18.13,23.85,4.43,67.21,9.53,19.56,11.22,25.19,9.22,33.18,12.64,10.99,3.32,76.63,72.06,86.83,78.97,70.39,75.87,4841,2.52,86104,13.91,21.87,33.36,43.05,4.28,6.72,10.26,13.24,60.17,6.15,9.26,6.55,2.78,2.91,2.59,62.91,11.59,52.24,2,3641,96.47,60.14,1.32,19.36,1959,0.81,0.42,237400,288000,367500,130100,585,695,879,294,749,27.4,25.0,11.5,217,122,30.76,48.31,53.89,73.5,89.99,0.0,0.0,0.0,0.0,0.0,0.0,0.0,0.0,0.0,0.0,0.0,0.0,0.0,0.0,0.0,0.0,0.0,61.9,4522.6,11.51,0.0,0.0,0.0,0.0,0.0,0.0,2,3.56,5.0,8.9,78.0,138.84,127.0,226.07,331.0,589.2,1494.0,2659.4,294.0,523.34,21.0,37.38,377.37,3809.32,0
Anokacity,17192,2.69,0.58,97.4,1.07,0.76,14.3,30.82,14.81,9.56,17192,100.0,31289,80.44,0.27,42.64,23.21,5.62,13.56,38241,14148,14319,8639,5781,4521,0.0,6649,1393,8.48,7.6,17.45,16.42,5.6,66.25,25.98,20.53,18.3,20.8,11.0,32.72,13.91,12.5,3.12,70.9,72.17,78.47,75.51,73.84,78.15,440,3.24,232,15.95,19.4,19.4,21.55,0.22,0.26,0.26,0.29,96.09,0.27,3.96,2.71,2.57,2.93,2.1,64.26,3.02,53.73,2,405,94.04,56.26,0.49,24.94,1969,2.25,0.12,66700,80000,94600,27900,356,418,494,138,446,26.6,19.1,11.8,21,0,1.35,76.87,47.0,74.93,92.27,0.0,0.0,0.0,0.0,0.0,0.0,0.0,0.0,0.0,0.0,0.0,0.0,0.0,0.0,0.0,0.0,0.0,6.8,2510.4,2.26,0.0,0.0,0.0,0.0,0.0,0.0,0,0.0,0.0,0.0,6.0,35.62,21.0,124.68,166.0,985.57,636.0,3776.05,53.0,314.67,11.0,65.31,0.0,5141.6,1
SanCarloscity,26167,2.37,0.94,91.3,6.07,6.46,9.03,19.36,8.48,14.25,26167,100.0,54658,77.85,0.52,62.49,25.65,2.52,18.84,63337,28161,28647,27282,20295,23416,17992.0,20889,713,2.73,2.43,8.38,35.77,2.43,69.33,16.34,23.36,6.28,39.23,9.48,24.71,12.87,11.26,2.82,82.5,81.21,91.83,77.66,62.67,71.0,91,0.58,3283,6.37,10.63,17.42,25.43,0.8,1.33,2.19,3.19,84.0,1.64,2.14,1.48,2.36,2.48,2.06,75.92,1.98,44.78,3,294,97.41,72.37,0.68,21.09,1957,0.56,0.0,328100,407500,500001,171901,611,744,972,361,810,26.6,27.7,11.9,0,0,12.55,55.31,58.4,82.21,92.84,0.0,0.0,0.0,0.0,0.0,0.0,0.0,0.0,0.0,0.0,0.0,0.0,0.0,0.0,0.0,0.0,0.0,5.8,4486.8,3.98,0.0,0.0,0.0,0.0,0.0,0.0,1,3.54,1.0,3.54,24.0,85.06,32.0,113.41,153.0,542.25,586.0,2076.84,54.0,191.38,0.0,0.0,205.56,2810.46,0
Crestwoodcity,11234,2.49,0.55,98.33,0.83,0.91,10.05,19.89,9.15,17.44,11234,100.0,40926,77.87,0.65,69.0,34.56,1.94,21.64,45637,18481,18590,13611,12141,17686,13810.0,8696,377,3.36,5.48,16.67,29.34,4.23,60.85,15.18,26.1,6.26,36.89,5.47,22.38,9.14,7.41,2.91,86.31,86.39,95.11,88.51,51.76,66.16,43,0.46,408,1.72,1.72,2.94,11.27,0.06,0.06,0.11,0.41,95.41,0.86,2.89,2.22,2.49,2.53,2.14,92.02,0.58,23.37,3,83,98.19,90.71,1.2,22.89,1958,0.35,0.0,75400,91500,115600,40200,352,392,497,145,469,27.9,15.6,11.4,0,0,3.63,73.06,73.14,87.69,96.35,0.0,0.0,0.0,0.0,0.0,0.0,0.0,0.0,0.0,0.0,0.0,0.0,0.0,0.0,0.0,0.0,0.0,3.3,3400.1,1.19,0.0,0.0,0.0,0.0,0.0,0.0,0,0.0,1.0,8.88,7.0,62.16,6.0,53.28,34.0,301.93,600.0,5328.12,19.0,168.72,4.0,35.52,124.32,5834.3,1
Livingstontownship,26609,3.03,1.08,89.25,9.32,1.86,12.59,21.76,11.25,12.56,26609,100.0,74401,87.19,0.64,70.16,25.03,2.27,16.15,79030,34160,35558,14240,1527,22885,18967.0,21555,361,1.36,3.61,9.13,52.54,2.55,68.42,11.94,31.6,4.11,45.82,2.72,27.06,4.93,3.87,3.23,90.79,89.2,97.64,91.04,54.53,66.83,85,0.43,4102,9.17,14.65,21.14,30.77,1.41,2.26,3.26,4.74,81.01,2.72,3.95,3.53,3.02,3.01,3.19,94.72,0.93,7.34,3,121,98.64,95.01,0.0,31.4,1958,0.0,0.36,198400,245300,349700,151300,747,1001,1001,254,1001,24.6,20.9,13.1,0,0,15.42,56.01,72.64,86.16,91.96,0.0,0.0,0.0,0.0,0.0,0.0,0.0,0.0,0.0,0.0,0.0,0.0,0.0,0.0,0.0,0.0,0.0,14.4,1850.4,6.69,0.0,0.0,0.0,0.0,0.0,0.0,0,0.0,0.0,0.0,4.0,14.81,19.0,70.34,73.0,270.27,706.0,2613.85,154.0,570.16,1.0,3.7,85.15,3457.98,0
Highlandtown,23696,2.71,0.24,97.76,0.87,3.88,13.6,25.47,11.97,12.42,23696,100.0,39437,80.94,0.62,57.3,29.36,2.78,20.98,44023,15948,16022,10833,0,17175,10816.0,10098,850,3.6,5.02,15.34,18.89,3.62,63.63,23.5,25.37,12.83,27.6,6.14,25.71,8.72,7.5,3.14,84.87,82.39,91.56,81.95,59.18,71.12,68,0.37,1075,1.77,4.65,7.44,10.7,0.08,0.21,0.34,0.49,90.85,0.85,4.14,3.22,2.71,2.9,1.99,84.98,1.62,32.84,3,164,98.16,79.5,0.61,29.88,1962,0.54,0.09,60000,72300,89900,29900,343,408,503,160,504,21.9,14.7,12.2,0,0,4.54,66.02,70.42,90.2,91.46,0.0,0.0,0.0,0.0,0.0,0.0,0.0,0.0,0.0,0.0,0.0,0.0,0.0,0.0,0.0,0.0,0.0,7.0,3362.1,3.88,0.0,0.0,0.0,0.0,0.0,0.0,0,0.0,2.0,8.77,15.0,65.75,56.0,245.47,79.0,346.29,793.0,3476.09,136.0,596.15,4.0,17.53,319.99,4436.07,1
Midvalecity,11886,2.57,0.39,87.04,3.87,15.3,16.12,35.49,18.9,9.93,11886,100.0,21183,77.04,0.43,30.03,26.27,9.85,16.74,23681,9631,10035,15000,4002,7044,7029.0,6943,2446,20.7,8.54,26.28,13.24,7.12,63.96,17.96,16.94,20.05,16.57,13.58,30.6,16.0,14.83,3.17,62.31,61.02,69.36,66.5,60.47,65.88,242,2.57,930,18.92,30.65,49.35,62.47,1.48,2.4,3.86,4.89,85.66,3.43,7.92,5.29,2.56,2.81,2.4,44.3,7.67,67.16,2,342,93.12,40.5,3.8,16.96,1969,7.58,0.86,46700,58300,71300,24600,252,286,336,84,347,23.4,21.9,12.8,0,4,7.82,66.99,41.09,79.34,86.86,0.0,0.0,0.0,0.0,0.0,0.0,0.0,0.0,0.0,0.0,0.0,0.0,0.0,0.0,0.0,0.0,0.0,3.6,3346.3,3.72,0.0,0.0,0.0,0.0,0.0,0.0,0,0.0,8.0,64.75,16.0,129.5,37.0,299.47,182.0,1473.09,912.0,7381.63,51.0,412.79,5.0,40.47,493.73,9307.97,1
Hollistercity,19212,3.26,0.62,63.53,2.5,56.14,15.93,30.76,14.4,8.03,0,0.0,32857,83.85,1.87,28.99,21.92,9.5,13.51,35254,11415,13258,9731,11827,13574,7663.0,8217,2225,11.71,22.73,36.73,11.64,10.99,62.77,20.74,18.14,17.35,18.09,8.62,31.41,11.71,10.16,3.63,75.81,71.2,84.66,77.78,62.75,69.53,583,4.13,3978,8.52,22.3,27.07,36.12,1.76,4.62,5.61,7.48,53.54,12.14,13.42,10.6,3.21,3.25,3.17,55.86,16.86,45.05,3,326,94.76,55.31,1.23,20.55,1974,2.78,0.35,143000,181500,223900,80900,374,504,634,260,546,26.3,26.2,12.5,69,12,20.71,60.81,48.34,76.04,94.16,0.0,0.0,0.0,0.0,0.0,0.0,0.0,0.0,0.0,0.0,0.0,0.0,0.0,0.0,0.0,0.0,0.0,5.9,3283.0,0.28,0.0,0.0,0.0,0.0,0.0,0.0,0,0.0,1.0,4.52,21.0,94.99,181.0,818.71,240.0,1085.58,696.0,3148.18,90.0,407.09,26.0,117.6,918.22,4758.46,0
Austincity,21907,2.34,0.21,98.16,1.19,0.87,12.34,21.86,10.27,19.67,0,0.0,22257,66.84,1.03,46.94,41.28,7.73,23.35,28164,11811,11948,4940,1798,3528,3541.0,2932,2192,10.27,12.26,24.27,15.19,4.37,53.81,22.16,28.92,17.42,21.3,7.56,24.08,9.72,8.73,2.88,73.64,73.37,85.42,72.49,68.34,74.17,195,0.92,293,5.46,32.76,47.1,55.97,0.07,0.44,0.63,0.75,95.28,0.69,2.85,1.87,2.28,2.45,1.85,78.16,1.17,49.04,3,451,95.4,72.96,1.55,43.9,1950,2.86,0.16,31800,43000,58400,26600,175,236,299,124,276,27.2,16.4,12.1,0,0,1.34,71.16,60.54,84.53,91.41,0.0,0.0,0.0,0.0,0.0,0.0,0.0,0.0,0.0,0.0,0.0,0.0,0.0,0.0,0.0,0.0,0.0,10.0,2182.7,0.33,0.0,0.0,0.0,0.0,0.0,0.0,0,0.0,0.0,0.0,5.0,22.77,34.0,154.84,134.0,610.26,646.0,2941.98,41.0,186.72,2.0,9.11,0.0,3748.06,0
Tiffincity,18604,2.65,1.4,97.36,0.67,1.27,17.44,29.62,16.84,13.69,0,0.0,24215,71.35,1.0,45.67,34.4,6.51,20.35,30570,11428,11311,9778,10230,34137,6198.0,8487,1840,10.69,8.31,23.57,13.31,6.44,57.57,26.15,27.69,20.29,22.79,8.4,33.44,10.57,9.55,3.07,76.87,75.52,73.21,80.33,68.4,76.94,216,1.41,298,18.46,21.81,32.89,35.57,0.3,0.35,0.53,0.57,96.54,0.29,4.53,3.05,2.45,2.6,2.17,69.4,1.21,45.54,3,452,93.94,65.47,5.97,42.92,1945,4.81,0.32,34000,44400,59600,25600,184,234,284,100,316,22.1,15.7,12.1,0,0,1.6,84.43,57.23,84.54,94.66,0.0,0.0,0.0,0.0,0.0,0.0,0.0,0.0,0.0,0.0,0.0,0.0,0.0,0.0,0.0,0.0,0.0,6.3,2950.2,0.28,0.0,0.0,0.0,0.0,0.0,0.0,1,5.37,4.0,21.49,13.0,69.85,12.0,64.48,106.0,569.56,601.0,3229.27,10.0,53.73,3.0,16.12,161.19,3868.68,0
Lackawannacity,20585,2.43,8.79,88.47,0.35,5.09,11.99,26.07,12.85,16.81,20585,100.0,21310,65.76,0.52,40.46,38.58,10.65,27.55,28261,10796,11434,5550,8916,7176,5580.0,7592,3411,16.68,14.23,34.17,9.59,8.55,51.86,16.95,25.09,17.29,16.2,9.24,34.71,11.48,10.45,3.08,63.07,62.26,71.25,73.15,51.27,59.44,934,5.24,1207,8.29,8.95,9.44,10.44,0.49,0.52,0.55,0.61,82.28,1.95,5.61,3.64,2.41,2.57,2.19,61.38,2.84,44.08,3,527,94.14,57.47,5.69,36.24,1949,4.65,0.55,43700,58200,73600,29900,191,255,313,122,339,26.1,16.8,14.6,81,0,5.86,82.44,69.86,95.81,97.39,0.0,0.0,0.0,0.0,0.0,0.0,0.0,0.0,0.0,0.0,0.0,0.0,0.0,0.0,0.0,0.0,0.0,6.3,3246.0,6.18,0.0,0.0,0.0,0.0,0.0,0.0,0,0.0,3.0,14.91,35.0,174.01,252.0,1252.86,192.0,954.56,387.0,1924.03,136.0,676.15,0.0,0.0,1441.78,0.0,0
Wallingfordtown,40822,2.69,1.01,97.13,0.92,3.22,11.98,24.06,11.02,12.07,35250,86.32,42783,82.72,0.41,56.61,25.1,3.08,18.28,49478,18231,18288,17440,21576,21177,10046.0,13417,1238,3.1,8.19,19.84,22.48,4.45,68.29,23.41,23.3,13.26,27.7,7.86,26.9,9.93,8.94,3.11,83.83,82.53,92.24,85.03,63.13,75.33,273,0.97,2436,10.59,19.01,25.33,31.77,0.63,1.13,1.51,1.9,89.75,1.41,3.69,2.73,2.63,2.81,2.15,77.0,1.36,42.84,3,769,95.17,71.93,1.3,33.16,1959,1.01,0.23,141100,169100,207900,66800,392,522,619,227,617,24.9,22.6,13.9,17,3,5.97,69.23,61.42,90.67,93.96,0.0,0.0,0.0,0.0,0.0,0.0,0.0,0.0,0.0,0.0,0.0,0.0,0.0,0.0,0.0,0.0,0.0,40.4,1009.8,0.47,0.0,0.0,0.0,0.0,0.0,0.0,1,2.42,5.0,12.1,13.0,31.45,17.0,41.13,224.0,541.93,835.0,2020.13,124.0,300.0,13.0,31.45,87.1,2893.5,0
BellGardenscity,42355,4.58,0.53,38.18,1.29,87.53,20.41,36.99,18.83,3.79,42355,100.0,23819,85.24,0.38,10.17,13.89,15.54,8.47,23308,6125,6998,5121,4385,4820,5636.0,5672,10875,26.08,48.23,73.66,1.72,13.37,56.22,35.96,9.99,41.63,6.87,6.26,44.16,12.46,9.28,4.64,68.79,61.95,77.71,73.79,43.06,47.29,2987,9.09,22068,17.75,28.62,36.92,49.17,9.25,14.91,19.24,25.62,16.25,30.37,34.87,30.87,4.52,4.21,4.61,20.98,59.49,85.9,2,302,96.84,22.52,2.65,23.18,1960,10.34,0.89,127000,165200,214400,87400,450,542,638,188,605,32.3,29.7,11.7,0,0,52.1,38.62,41.95,86.67,88.58,0.0,0.0,0.0,0.0,0.0,0.0,0.0,0.0,0.0,0.0,0.0,0.0,0.0,0.0,0.0,0.0,0.0,2.6,16265.4,6.68,0.0,0.0,0.0,0.0,0.0,0.0,8,18.76,11.0,25.79,214.0,501.82,327.0,766.8,669.0,1568.77,562.0,1317.86,393.0,921.56,10.0,23.45,1313.17,3831.63,0
PuntaGordacity,10747,2.1,5.87,93.39,0.36,1.59,5.87,10.71,5.42,39.16,10878,100.0,34158,49.2,0.87,65.95,57.66,6.32,39.51,40288,22482,23273,7422,44684,54993,8656.0,15099,898,8.43,4.66,15.38,25.46,3.93,32.16,7.36,25.64,9.47,31.29,6.83,12.06,8.03,7.47,2.36,66.61,56.45,58.18,53.31,49.36,65.15,213,1.95,536,1.31,3.54,3.54,5.04,0.07,0.18,0.18,0.25,93.01,0.68,1.72,1.31,2.05,2.04,2.1,79.24,1.44,56.6,2,1810,73.9,79.73,0.88,43.59,1979,3.7,0.16,114300,168200,225100,110800,240,364,513,273,434,25.6,23.7,11.5,0,0,4.93,14.53,41.11,58.03,66.03,188.0,1530.2,143.0,1163.93,53435.0,434925.91,284.2,1530.2,98.17,95.21,3.19,1.6,0.0,4.79,13.0,10.0,58.5,14.6,736.1,0.0,230.0,8055879.0,76.06,0.0,6.91,655695.81,1,8.14,1.0,8.14,21.0,170.93,28.0,227.9,73.0,594.17,332.0,2702.26,15.0,122.09,0.0,0.0,415.11,3418.53,0
SiouxCitycity,80505,2.64,2.3,92.57,1.48,3.26,14.77,26.86,13.05,12.74,80505,100.0,25045,76.41,1.31,42.74,30.73,8.51,13.59,30743,12339,12849,5958,4188,8740,6112.0,6071,10801,13.8,8.56,22.1,17.54,5.59,63.07,18.95,25.42,15.25,22.85,9.54,28.77,12.21,10.96,3.12,72.86,70.3,73.68,79.21,69.03,75.55,2110,3.2,2508,20.73,33.85,43.66,53.15,0.65,1.05,1.36,1.66,94.26,1.46,5.33,3.69,2.55,2.7,2.26,70.82,2.7,50.7,2,1689,94.75,67.03,5.92,34.99,1948,5.76,0.44,29400,41000,58300,28900,194,259,328,134,326,25.4,17.2,13.2,77,4,3.12,70.01,53.86,81.83,87.39,111.0,133.55,102.0,122.72,60987.0,73376.6,549.4,133.5,92.57,97.3,0.0,0.0,0.0,0.0,6.0,13.0,112.6,56.2,1431.3,1.23,53.0,6349223.0,91.89,10.0,5.41,76390.8,4,4.81,61.0,73.39,121.0,145.58,1093.0,1315.05,1275.0,1534.02,4523.0,5441.86,256.0,308.01,0.0,0.0,1538.83,0.0,1
Woodbridgetownship,93086,2.78,6.46,86.61,5.47,5.56,10.81,25.74,11.46,12.38,93086,100.0,45516,83.31,0.56,51.6,27.56,3.55,19.0,50457,18213,18742,13936,16595,16484,11985.0,16184,2720,3.04,9.23,22.57,19.84,4.85,64.44,18.03,19.01,13.18,26.7,7.81,32.69,8.55,8.18,3.14,82.95,79.24,93.83,82.08,57.0,68.83,703,1.14,11371,10.53,19.36,29.5,37.8,1.29,2.36,3.6,4.62,81.6,1.96,4.47,3.37,2.68,2.86,2.21,77.7,2.32,42.2,3,1025,97.03,72.9,2.05,33.07,1958,0.99,0.2,134900,160000,182900,48000,538,633,745,207,693,25.1,23.0,15.5,43,0,12.22,65.6,66.03,80.75,91.7,173.0,178.37,161.0,166.0,70391.0,72577.0,406.9,178.4,88.92,97.69,0.0,2.31,0.0,2.31,6.0,10.0,5.8,23.9,3898.9,6.92,38.0,7548000.0,93.06,0.0,3.47,77824.1,3,3.09,15.0,15.47,108.0,111.35,270.0,278.38,665.0,685.65,2444.0,2519.9,718.0,740.3,21.0,21.65,408.3,3967.5,0
Montebellocity,59564,3.2,0.97,47.05,15.11,67.6,15.23,30.73,15.46,10.8,59564,100.0,31441,76.96,0.43,30.3,26.82,13.72,12.72,34416,12276,12533,14843,9690,18047,9442.0,10146,8246,14.0,20.28,39.19,14.61,6.73,58.24,21.31,19.57,18.88,21.63,8.4,37.61,13.31,10.97,3.59,66.71,60.37,76.26,68.11,51.74,56.68,2592,5.88,23255,17.52,25.84,32.36,42.84,6.84,10.09,12.63,16.73,31.36,17.82,13.84,10.83,3.17,3.2,3.15,48.8,22.78,64.86,2,575,97.0,48.35,2.26,25.22,1962,2.98,0.7,163700,213600,281300,117600,469,574,665,196,623,31.3,23.0,11.0,0,0,39.04,48.13,54.89,88.03,90.0,0.0,0.0,0.0,0.0,0.0,0.0,0.0,0.0,0.0,0.0,0.0,0.0,0.0,0.0,0.0,0.0,0.0,8.6,6964.9,5.98,0.0,0.0,0.0,0.0,0.0,0.0,4,6.47,30.0,48.52,255.0,412.43,506.0,818.4,565.0,913.83,1823.0,2948.5,721.0,1166.14,63.0,101.9,1285.83,5130.36,0
Bensalemtownship,56788,2.71,6.88,88.67,3.66,2.19,13.72,28.9,12.69,8.31,56788,100.0,38488,85.15,0.35,44.83,20.2,4.59,12.88,43224,15964,16405,11986,12030,14112,9192.0,9789,2993,5.32,4.76,20.07,21.8,4.97,69.05,18.69,21.88,13.46,28.76,9.35,31.23,11.12,10.25,3.22,78.56,75.11,91.09,80.61,53.53,65.53,877,2.46,3619,12.27,18.68,28.13,34.21,0.78,1.19,1.79,2.18,89.9,1.4,5.02,3.58,2.68,3.05,2.11,68.26,2.55,50.08,2,1749,92.3,59.83,0.51,9.43,1971,0.9,0.31,96700,117400,146700,50000,439,538,635,196,623,25.3,23.8,14.1,0,0,6.37,74.45,54.19,73.69,89.76,0.0,0.0,0.0,0.0,0.0,0.0,0.0,0.0,0.0,0.0,0.0,0.0,0.0,0.0,0.0,0.0,0.0,20.7,2745.7,4.26,0.0,0.0,0.0,0.0,0.0,0.0,3,5.19,14.0,24.24,93.0,161.0,99.0,171.39,416.0,720.18,1656.0,2866.89,559.0,967.75,25.0,43.28,361.82,4598.1,0
Manheimtownship,28880,2.71,1.06,96.63,1.81,1.04,11.14,19.25,9.09,17.05,26209,90.75,41450,77.48,1.44,64.29,29.92,2.79,19.62,46682,19703,19965,11252,10654,13279,7150.0,9682,656,2.42,7.27,17.21,32.56,2.34,62.04,24.13,26.49,11.39,35.92,5.69,20.84,7.68,6.78,2.97,86.51,85.53,93.27,86.04,56.35,68.51,166,0.75,980,7.65,11.53,27.76,32.96,0.26,0.39,0.94,1.12,93.05,0.68,2.75,2.08,2.55,2.7,2.14,77.84,0.7,26.11,3,353,96.79,73.57,0.0,32.58,1966,0.47,0.17,86300,112900,156700,70400,357,487,560,203,555,22.2,20.7,11.7,0,0,3.39,72.61,56.23,82.27,89.2,0.0,0.0,0.0,0.0,0.0,0.0,0.0,0.0,0.0,0.0,0.0,0.0,0.0,0.0,0.0,0.0,0.0,24.9,1162.1,1.29,0.0,0.0,0.0,0.0,0.0,0.0,0,0.0,1.0,3.4,18.0,61.28,18.0,61.28,98.0,333.63,736.0,2505.62,43.0,146.39,3.0,10.21,125.96,2995.85,0
Winslowtownship,30087,3.09,22.95,74.55,1.13,3.07,13.28,27.49,11.39,7.47,20531,68.24,39916,84.63,0.8,35.16,20.56,4.41,12.71,42378,14016,14515,12384,17892,19823,7087.0,8254,2120,7.35,7.98,24.15,17.48,5.37,65.48,13.09,27.11,13.88,28.31,7.88,30.1,11.92,9.94,3.35,79.37,74.56,90.87,74.87,63.0,72.17,831,4.23,731,7.93,15.46,24.9,24.9,0.19,0.38,0.6,0.6,93.57,1.06,6.36,5.08,2.96,3.06,2.54,84.44,2.32,32.29,3,757,92.79,81.86,4.89,64.33,1977,2.16,0.39,80000,100700,125600,45600,345,454,574,229,553,29.3,23.8,17.0,114,0,2.43,52.55,53.73,74.05,88.27,0.0,0.0,0.0,0.0,0.0,0.0,0.0,0.0,0.0,0.0,0.0,0.0,0.0,0.0,0.0,0.0,0.0,59.8,503.3,6.02,0.0,0.0,0.0,0.0,0.0,0.0,1,3.19,6.0,19.14,29.0,92.5,119.0,379.55,258.0,822.89,488.0,1556.47,99.0,315.76,11.0,35.08,494.37,2730.2,0
Petersburgcity,38386,2.61,72.13,26.56,0.75,1.23,12.75,27.11,13.68,13.6,38386,100.0,21309,73.47,0.55,21.44,32.36,12.38,23.39,27243,10547,15150,8859,7020,12730,6856.0,8181,7359,20.3,17.42,37.76,13.54,8.45,54.17,15.6,29.62,20.76,17.58,14.18,40.16,16.86,15.65,3.09,45.86,37.26,51.46,57.54,64.08,73.6,4101,12.99,707,12.31,20.93,20.93,25.88,0.23,0.39,0.39,0.48,95.73,0.59,6.5,4.2,2.46,2.54,2.39,52.43,4.3,52.56,2,1466,90.95,50.86,10.91,46.45,1962,14.22,0.63,37100,52000,69700,32600,164,257,346,182,360,27.7,21.4,12.7,10,10,1.84,74.23,53.24,78.54,91.07,0.0,0.0,0.0,0.0,0.0,0.0,0.0,0.0,0.0,0.0,0.0,0.0,0.0,0.0,0.0,0.0,0.0,23.7,1619.7,3.58,0.0,0.0,0.0,0.0,0.0,0.0,11,26.6,26.0,62.88,221.0,534.51,293.0,708.65,810.0,1959.08,1720.0,4160.02,225.0,544.19,8.0,19.35,1332.66,6682.63,1
Marshfieldtown,21531,2.85,0.72,98.29,0.54,0.66,13.78,25.83,12.56,7.73,0,0.0,48986,84.69,1.38,45.67,18.61,3.8,14.46,55524,19373,19398,19855,9298,17331,28393.0,18727,783,3.63,1.41,7.03,32.79,6.62,70.29,10.3,24.24,7.56,34.49,6.73,31.33,10.23,8.53,3.33,82.55,81.99,92.49,85.67,61.35,70.48,121,0.78,522,8.05,8.05,15.9,16.48,0.2,0.2,0.39,0.4,95.59,0.38,5.38,4.04,2.84,3.02,2.23,82.26,0.94,34.95,3,1320,85.13,77.39,5.68,70.83,1963,0.21,0.23,144500,177000,225900,81400,501,634,746,245,710,29.0,22.7,14.8,37,1,2.41,77.22,62.02,82.59,93.18,0.0,0.0,0.0,0.0,0.0,0.0,0.0,0.0,0.0,0.0,0.0,0.0,0.0,0.0,0.0,0.0,0.0,29.5,730.2,2.37,0.0,0.0,0.0,0.0,0.0,0.0,0,0.0,1.0,4.37,2.0,8.73,38.0,165.96,89.0,388.7,372.0,1624.67,35.0,152.86,0.0,0.0,179.06,2166.22,0
HarperWoodscity,14903,2.27,0.89,97.86,0.9,1.02,8.56,19.67,8.06,24.63,14903,100.0,33098,63.57,0.3,62.95,47.63,2.5,29.97,41855,16920,16872,20311,9283,20527,18286.0,7883,653,4.42,7.82,22.85,17.18,4.24,52.93,15.55,26.86,9.23,28.66,6.68,26.16,9.18,8.08,2.89,80.65,81.14,95.7,77.35,63.01,69.15,88,0.67,1244,1.69,2.33,2.33,2.33,0.14,0.19,0.19,0.19,89.18,0.98,3.01,1.93,2.25,2.38,1.67,85.58,1.03,42.56,3,172,97.45,80.63,0.0,26.74,1954,0.18,0.07,51800,66300,83400,31600,409,508,584,175,576,24.9,18.6,14.4,0,0,8.35,77.8,65.69,86.5,96.86,0.0,0.0,0.0,0.0,0.0,0.0,0.0,0.0,0.0,0.0,0.0,0.0,0.0,0.0,0.0,0.0,0.0,2.7,5560.8,1.75,0.0,0.0,0.0,0.0,0.0,0.0,0,0.0,0.0,0.0,43.0,299.82,21.0,146.42,78.0,543.86,1748.0,12187.98,240.0,1673.41,5.0,34.86,0.0,14440.11,1
Lafayettecity,14548,2.7,0.98,88.96,2.17,14.87,11.14,24.93,9.09,5.29,0,0.0,34182,88.48,0.88,40.48,13.23,3.85,8.43,36533,14405,14714,14139,11262,15085,10704.0,10109,1220,8.43,5.45,14.97,28.11,3.93,76.18,24.71,21.6,12.94,30.83,12.71,24.84,16.83,14.83,3.2,75.31,75.17,84.61,72.52,68.96,75.54,105,1.17,767,14.21,29.6,33.38,53.98,0.75,1.56,1.76,2.85,88.69,1.99,4.74,3.36,2.69,2.77,2.51,73.88,3.52,44.23,3,383,93.37,71.96,0.52,32.9,1978,2.58,0.0,68000,82100,94000,26000,349,449,558,209,523,28.4,23.7,14.8,9,0,5.27,42.77,41.11,73.53,82.2,0.0,0.0,0.0,0.0,0.0,0.0,0.0,0.0,0.0,0.0,0.0,0.0,0.0,0.0,0.0,0.0,0.0,7.1,2035.3,2.24,0.0,0.0,0.0,0.0,0.0,0.0,0,0.0,0.0,0.0,6.0,33.89,59.0,333.24,111.0,626.94,542.0,3061.28,28.0,158.15,7.0,39.54,367.13,3885.91,0
Nashuacity,79662,2.57,1.62,95.15,1.93,3.02,12.12,28.51,12.71,9.14,79662,100.0,40505,84.8,1.18,50.24,20.88,4.16,12.92,46614,18010,18199,15181,11961,17049,9018.0,10798,5135,6.53,6.63,17.31,28.84,6.03,70.46,31.4,18.82,11.91,32.41,9.25,31.11,12.01,10.67,3.08,79.44,77.34,84.97,79.64,62.87,72.21,985,1.82,5573,18.27,25.46,32.08,40.66,1.28,1.78,2.24,2.84,84.94,1.75,3.68,2.49,2.53,2.74,2.25,62.46,1.59,51.12,2,2332,93.01,57.71,0.73,25.51,1969,3.73,0.3,116000,138800,166100,50100,440,574,686,246,645,26.0,23.2,14.8,26,2,7.0,37.01,47.72,71.02,73.34,158.0,196.43,137.0,170.32,61132.0,76001.7,386.9,196.4,97.05,98.1,0.63,1.27,0.0,1.9,8.0,6.0,159.7,32.0,2486.9,1.16,35.0,9732848.0,86.71,10.0,5.06,121002.6,3,3.73,26.0,32.32,13.0,16.16,26.0,32.32,380.0,472.43,1935.0,2405.67,266.0,330.7,35.0,43.51,84.54,3252.32,0
ForestGrovecity,13559,2.74,0.54,90.34,2.79,9.67,16.64,30.23,16.91,12.14,13559,100.0,24162,75.28,0.35,39.93,28.91,5.64,16.64,31674,10759,11277,10712,6280,7191,4581.0,5005,2007,15.78,9.86,24.3,20.43,6.16,58.31,26.93,26.24,19.83,23.39,9.54,31.54,12.39,11.06,3.17,76.31,72.13,86.3,78.17,58.39,68.65,83,0.82,861,26.13,34.49,42.86,56.68,1.66,2.19,2.72,3.6,89.45,2.46,7.2,4.75,2.57,2.75,2.39,54.07,5.34,50.45,2,156,96.94,50.61,4.49,36.54,1970,5.2,0.49,54200,66000,80500,26300,258,329,394,136,370,27.2,18.7,12.3,0,0,6.35,44.95,41.26,71.62,82.76,0.0,0.0,0.0,0.0,0.0,0.0,0.0,0.0,0.0,0.0,0.0,0.0,0.0,0.0,0.0,0.0,0.0,4.3,3171.0,2.1,0.0,0.0,0.0,0.0,0.0,0.0,2,12.66,3.0,18.99,8.0,50.65,7.0,44.32,117.0,740.69,478.0,3026.08,40.0,253.23,5.0,31.65,126.61,4051.66,0
Denvercity,467610,2.22,12.84,72.11,2.35,22.96,11.31,25.92,11.86,12.22,467567,99.99,25106,76.35,0.75,40.62,24.24,7.61,14.79,32038,15590,18191,10442,7703,9556,6993.0,7778,78515,17.13,7.68,20.8,29.05,6.77,62.99,10.02,26.82,11.32,31.35,14.85,36.79,18.23,16.61,3.0,62.31,58.02,69.12,63.57,61.31,69.26,18597,5.65,34715,17.53,26.73,35.56,47.16,1.3,1.98,2.64,3.5,83.12,3.0,5.49,2.87,2.17,2.36,1.98,53.63,4.23,62.59,2,28684,88.03,49.19,6.41,35.32,1957,5.49,0.35,61300,79000,102300,41000,256,339,445,189,386,26.2,22.4,13.2,1169,100,7.42,45.28,46.26,74.78,86.57,1318.0,260.56,1103.0,218.05,960000.0,189782.2,728.4,260.6,95.33,76.25,6.83,16.24,0.15,21.4,52.0,9.0,61.1,158.8,2944.6,8.19,617.0,80514712.0,83.69,5.0,3.95,159169.41,74,14.63,393.0,77.69,1863.0,368.3,2922.0,577.65,9128.0,1804.51,17858.0,3530.34,7558.0,1494.14,440.0,86.98,1038.27,6915.98,1
Marioncity,34075,2.59,4.22,94.72,0.45,0.85,14.23,26.63,12.85,11.68,0,0.0,22439,72.65,0.66,31.66,30.89,12.41,16.99,27049,10365,10499,7185,10716,12381,7082.0,7572,5667,16.85,9.68,30.32,9.41,10.98,55.48,26.25,20.37,22.82,17.85,13.31,24.01,15.71,14.6,3.1,70.49,66.69,77.23,76.39,58.27,66.36,868,2.97,256,0.0,13.67,16.02,31.64,0.0,0.1,0.12,0.24,97.7,0.24,4.6,3.24,2.56,2.63,2.45,63.17,1.68,40.38,3,1064,92.53,61.48,3.38,57.42,1945,12.2,0.81,24100,34500,48100,24000,185,232,284,99,337,25.6,16.3,12.9,4,0,0.75,81.01,53.95,85.45,93.41,0.0,0.0,0.0,0.0,0.0,0.0,0.0,0.0,0.0,0.0,0.0,0.0,0.0,0.0,0.0,0.0,0.0,8.3,4102.3,1.01,0.0,0.0,0.0,0.0,0.0,0.0,1,2.88,16.0,46.03,37.0,106.44,20.0,57.53,587.0,1688.58,1533.0,4409.86,103.0,296.29,3.0,8.63,212.87,6403.36,1
Bridgeporttownship,12747,2.82,12.07,82.57,0.38,8.07,15.99,26.89,13.54,8.72,8616,67.59,32083,79.48,1.78,37.65,25.41,11.34,19.16,35732,12703,12367,14346,15840,94005,8780.0,8216,1725,13.7,7.23,24.24,9.21,8.32,59.89,29.09,18.9,23.04,17.22,8.91,28.52,12.57,10.82,3.18,70.8,68.55,75.48,76.86,67.85,68.64,331,3.05,225,8.89,12.0,12.0,17.78,0.16,0.21,0.21,0.31,94.53,1.0,5.29,4.21,2.8,2.92,2.4,79.84,2.86,33.35,3,163,96.51,76.5,3.07,61.96,1963,2.35,0.47,34300,46500,60900,26600,242,307,350,108,376,26.6,17.4,12.7,0,0,1.77,85.3,66.76,92.74,96.95,0.0,0.0,0.0,0.0,0.0,0.0,0.0,0.0,0.0,0.0,0.0,0.0,0.0,0.0,0.0,0.0,0.0,35.9,355.3,0.48,0.0,0.0,0.0,0.0,0.0,0.0,0,0.0,0.0,0.0,7.0,53.45,12.0,91.63,64.0,488.7,202.0,1542.46,11.0,84.0,1.0,7.64,0.0,2122.79,0
Stoningtontown,16919,2.41,0.58,98.5,0.53,1.3,11.09,22.96,10.71,14.97,3166,18.71,39651,77.8,0.92,58.4,29.96,3.74,20.75,46720,20808,20815,18001,10674,32406,5854.0,12280,756,4.49,7.94,19.73,26.56,5.0,64.74,27.93,22.01,10.69,30.92,8.72,27.57,10.52,9.64,2.93,80.79,79.48,92.79,78.37,64.68,71.59,117,0.9,978,2.86,10.22,11.45,13.5,0.17,0.59,0.66,0.78,91.78,1.78,2.86,1.98,2.4,2.53,2.11,72.47,0.8,40.78,3,906,88.56,68.7,0.88,45.14,1952,1.07,0.64,129500,169800,241200,111700,361,495,632,271,588,24.1,22.9,13.1,4,0,5.78,37.34,60.51,83.99,86.59,0.0,0.0,0.0,0.0,0.0,0.0,0.0,0.0,0.0,0.0,0.0,0.0,0.0,0.0,0.0,0.0,0.0,40.1,422.1,0.95,0.0,0.0,0.0,0.0,0.0,0.0,0,0.0,0.0,0.0,7.0,41.57,1.0,5.94,82.0,486.91,360.0,2137.64,13.0,77.19,1.0,5.94,47.5,2707.68,0
Edmondcity,52315,2.79,3.1,91.76,2.02,1.76,15.61,28.32,13.89,6.07,51483,98.41,37644,85.55,1.58,48.83,15.63,2.85,11.32,43970,17215,17860,7778,12304,10070,11535.0,9208,3730,7.33,2.53,9.65,43.46,3.89,70.3,7.5,29.56,6.28,39.38,6.89,25.87,11.08,9.08,3.14,81.78,81.59,87.9,81.53,56.81,67.38,381,1.17,1617,32.03,51.33,59.49,63.2,0.99,1.59,1.84,1.95,94.72,0.48,2.86,2.19,2.71,2.89,2.33,72.33,1.93,31.28,3,1842,91.06,67.79,0.43,39.63,1978,2.2,0.2,58700,80000,120100,61400,254,332,432,178,423,26.2,20.6,12.1,0,0,3.09,56.44,43.57,72.14,84.37,0.0,0.0,0.0,0.0,0.0,0.0,0.0,0.0,0.0,0.0,0.0,0.0,0.0,0.0,0.0,0.0,0.0,88.3,592.2,0.29,0.0,0.0,0.0,0.0,0.0,0.0,1,1.62,13.0,21.1,21.0,34.09,64.0,103.9,375.0,608.78,1476.0,2396.14,160.0,259.74,21.0,34.09,160.72,3298.75,0
Snellvillecity,12084,3.07,0.59,98.3,0.7,0.78,15.66,25.59,12.4,7.7,12084,100.0,46875,86.75,0.81,52.68,19.37,2.73,14.72,50665,17523,17583,14172,5354,0,4643.0,12604,337,2.83,3.39,12.2,21.82,3.1,69.48,12.68,19.47,7.51,30.66,4.96,22.37,8.87,7.0,3.25,86.67,85.53,92.92,89.1,51.45,70.28,52,0.62,185,18.92,43.24,47.03,47.03,0.29,0.66,0.72,0.72,96.75,0.18,3.59,3.17,3.03,3.04,2.93,84.76,0.74,11.3,3,245,94.15,84.24,0.0,19.59,1978,0.43,0.36,82900,96500,120200,37300,433,491,586,153,616,26.6,21.6,12.8,0,0,1.53,51.27,54.29,72.28,83.26,0.0,0.0,0.0,0.0,0.0,0.0,0.0,0.0,0.0,0.0,0.0,0.0,0.0,0.0,0.0,0.0,0.0,9.5,1277.9,0.0,0.0,0.0,0.0,0.0,0.0,0.0,0,0.0,4.0,27.11,3.0,20.34,5.0,33.89,67.0,454.18,398.0,2697.94,19.0,128.8,0.0,0.0,81.34,3280.91,0
LaMesacity,52931,2.28,3.0,90.24,3.09,9.78,10.77,27.8,13.81,15.6,52931,100.0,31171,74.87,0.68,48.12,29.04,6.51,20.2,37943,16700,17172,12720,16110,12062,11326.0,11048,4765,9.24,3.64,13.32,24.25,4.93,61.71,10.13,26.48,8.41,30.89,12.32,33.13,17.36,15.02,2.79,67.21,66.32,83.07,65.91,53.29,65.41,661,1.82,4786,14.73,20.1,29.77,35.71,1.33,1.82,2.69,3.23,87.01,1.69,2.89,1.71,2.23,2.37,2.1,51.24,4.4,59.77,2,948,96.08,48.24,0.42,11.18,1964,1.5,0.34,134000,163700,197000,63000,466,552,672,206,594,30.1,22.8,10.7,0,0,9.04,43.11,44.48,80.68,88.37,0.0,0.0,0.0,0.0,0.0,0.0,0.0,0.0,0.0,0.0,0.0,0.0,0.0,0.0,0.0,0.0,0.0,9.6,5541.4,2.79,0.0,0.0,0.0,0.0,0.0,0.0,1,1.83,10.0,18.32,147.0,269.29,108.0,197.84,679.0,1243.84,1494.0,2736.82,555.0,1016.69,5.0,9.16,487.28,5006.5,0
Manitowoccity,32520,2.47,0.22,96.37,2.52,1.15,11.81,23.19,10.69,17.02,0,0.0,24202,71.73,0.34,57.06,36.77,8.02,18.1,31016,12286,12608,7440,7281,2211,9863.0,5198,3344,10.65,12.71,25.55,14.48,5.79,57.24,35.79,22.83,24.34,21.63,7.96,27.52,9.43,8.74,3.03,78.34,78.6,86.1,80.85,68.61,74.55,407,1.4,878,35.19,40.43,42.82,62.07,0.95,1.09,1.16,1.68,93.99,1.48,4.0,2.64,2.39,2.58,2.01,71.32,1.53,43.24,3,584,95.75,65.96,1.37,48.29,1950,3.01,0.23,38100,48100,63500,25400,182,237,300,118,294,23.5,17.1,12.3,0,0,2.7,84.27,60.66,87.41,93.57,0.0,0.0,0.0,0.0,0.0,0.0,0.0,0.0,0.0,0.0,0.0,0.0,0.0,0.0,0.0,0.0,0.0,14.9,2177.5,0.91,0.0,0.0,0.0,0.0,0.0,0.0,1,3.0,8.0,23.99,3.0,9.0,25.0,74.98,204.0,611.84,1358.0,4072.94,91.0,272.93,6.0,18.0,110.97,4975.71,1
Stauntoncity,24461,2.59,12.6,86.59,0.42,0.69,13.34,25.4,13.06,15.22,0,0.0,25366,74.37,0.8,40.91,33.18,7.4,20.05,32414,12912,13637,8458,4982,5657,5336.0,6514,2534,11.66,13.6,28.58,17.78,3.58,56.01,16.43,30.16,17.44,24.32,12.9,28.31,13.2,13.06,2.86,70.86,63.29,71.62,73.15,62.25,74.67,539,2.94,367,24.25,35.15,35.15,50.95,0.36,0.53,0.53,0.76,96.48,0.42,2.66,1.74,2.3,2.4,2.15,63.82,1.23,42.79,3,571,94.29,61.24,1.4,49.04,1958,8.16,0.42,46200,62700,85300,39100,208,284,357,149,359,24.1,17.0,12.6,30,0,1.5,71.49,49.22,69.15,86.45,0.0,0.0,0.0,0.0,0.0,0.0,0.0,0.0,0.0,0.0,0.0,0.0,0.0,0.0,0.0,0.0,0.0,20.5,1194.9,0.18,0.0,0.0,0.0,0.0,0.0,0.0,1,3.99,8.0,31.89,4.0,15.94,30.0,119.57,110.0,438.42,625.0,2491.03,21.0,83.7,2.0,7.97,171.38,3021.12,0
Lincolnwoodvillage,11365,2.77,0.11,83.58,15.57,3.24,11.43,18.34,9.74,19.76,11365,100.0,57309,76.96,0.91,65.84,35.42,1.53,14.15,62419,27154,29111,77391,0,16573,14274.0,27711,246,2.16,5.17,11.45,41.85,4.13,61.33,13.05,28.53,4.31,45.64,3.09,22.83,5.49,4.36,3.07,90.3,88.98,100.0,87.53,53.64,63.67,11,0.13,3141,3.72,5.32,10.95,16.56,1.03,1.47,3.03,4.58,61.38,3.21,4.72,3.98,2.77,2.78,2.69,96.12,1.32,16.48,3,88,97.9,96.0,0.0,37.5,1956,0.34,0.0,153400,199300,275600,122200,613,795,945,332,1001,32.4,20.7,12.3,0,0,27.64,62.33,69.38,96.23,97.17,0.0,0.0,0.0,0.0,0.0,0.0,0.0,0.0,0.0,0.0,0.0,0.0,0.0,0.0,0.0,0.0,0.0,2.8,4129.7,6.04,0.0,0.0,0.0,0.0,0.0,0.0,0,0.0,0.0,0.0,18.0,153.94,12.0,102.63,80.0,684.17,577.0,4934.58,42.0,359.19,3.0,25.66,0.0,6003.59,1
Taylorcity,70811,2.85,4.21,93.23,1.26,2.81,15.39,29.94,14.71,7.33,70811,100.0,32659,81.77,0.38,31.61,20.72,11.19,15.91,36244,12955,13147,10051,11526,10905,10219.0,10039,8325,11.92,9.06,31.8,6.76,8.88,59.98,28.38,14.27,23.73,14.34,10.82,30.64,14.91,12.96,3.21,68.46,66.0,76.21,73.52,48.12,56.84,1909,3.36,2761,7.03,9.13,17.13,21.08,0.27,0.36,0.67,0.82,93.96,0.69,5.23,4.07,2.82,2.92,2.59,70.31,3.17,39.81,3,866,96.63,67.75,2.19,24.25,1962,2.6,0.31,37200,48400,63900,26700,294,387,444,150,457,23.2,15.9,12.8,0,0,3.9,74.75,59.51,91.92,94.73,105.0,152.34,95.0,137.83,47935.0,69548.6,456.5,152.3,93.23,100.0,0.0,0.0,0.0,0.0,5.0,9.0,245.0,24.5,2894.5,0.69,62.0,5471050.0,90.48,0.0,4.76,79379.2,4,5.8,0.0,0.0,138.0,200.22,435.0,631.14,729.0,1057.7,3078.0,4465.85,467.0,677.57,41.0,59.49,0.0,6260.61,1
Orindacity,16642,2.64,0.83,91.77,6.81,2.42,10.46,15.77,7.6,15.08,16642,100.0,80968,76.22,1.33,75.97,26.82,2.55,18.61,89205,40558,41978,36245,32182,23743,22698.0,33316,392,2.36,0.62,2.95,66.02,2.98,61.31,8.98,36.79,3.03,59.3,6.11,20.53,8.79,7.49,2.92,89.79,87.89,100.0,89.35,50.33,58.23,37,0.31,1808,4.54,7.41,11.12,18.31,0.49,0.81,1.21,1.99,88.37,0.79,2.44,1.95,2.63,2.68,2.18,92.9,0.33,12.05,3,170,97.37,91.4,1.18,31.18,1957,0.0,0.0,340100,432200,500001,159901,491,946,1001,510,1001,30.1,23.2,11.2,0,0,10.86,51.66,64.99,76.69,92.21,0.0,0.0,0.0,0.0,0.0,0.0,0.0,0.0,0.0,0.0,0.0,0.0,0.0,0.0,0.0,0.0,0.0,13.0,1275.8,11.77,0.0,0.0,0.0,0.0,0.0,0.0,0,0.0,1.0,5.71,6.0,34.28,2.0,11.43,130.0,742.77,247.0,1411.27,7.0,40.0,2.0,11.43,51.42,2205.46,0
Americuscity,16512,2.84,52.91,46.31,0.39,0.48,17.45,30.69,16.93,12.95,0,0.0,18593,69.15,0.54,21.96,31.11,19.29,13.9,22196,9257,13779,5142,1195,31779,9164.0,6202,4808,31.51,17.43,37.86,17.47,10.62,51.28,22.79,27.99,21.19,24.93,11.08,37.79,15.36,13.56,3.26,46.88,40.6,49.76,53.43,61.01,65.21,1952,13.87,102,38.24,38.24,38.24,38.24,0.24,0.24,0.24,0.24,97.02,0.5,7.59,5.32,2.63,2.71,2.55,54.79,7.25,46.81,3,508,91.96,53.24,2.95,41.73,1967,11.84,2.01,32700,44000,63000,30300,99,192,275,176,270,27.4,19.2,13.9,0,0,0.62,82.3,50.55,80.12,90.92,0.0,0.0,0.0,0.0,0.0,0.0,0.0,0.0,0.0,0.0,0.0,0.0,0.0,0.0,0.0,0.0,0.0,10.0,1651.9,0.17,0.0,0.0,0.0,0.0,0.0,0.0,0,0.0,0.0,0.0,24.0,135.07,84.0,472.73,146.0,821.66,739.0,4158.93,32.0,180.09,4.0,22.51,607.8,5183.18,1
Greenfieldtown,18666,2.43,0.85,97.55,0.9,1.18,12.33,24.46,11.68,15.81,0,0.0,26680,72.83,0.47,43.78,33.12,12.51,17.95,35356,13693,13826,6434,15705,7805,4102.0,24412,2145,11.93,6.12,19.67,17.88,5.91,59.45,14.93,31.68,12.84,26.34,11.49,31.93,15.13,13.48,2.97,64.83,64.84,73.4,63.99,60.41,69.46,432,2.99,415,13.49,27.71,31.08,31.08,0.3,0.62,0.69,0.69,94.63,0.48,3.01,1.86,2.33,2.6,2.0,61.26,1.07,49.2,3,386,95.22,54.91,0.52,30.57,1942,4.32,0.36,87900,110300,136700,48800,279,386,470,191,455,27.8,22.6,13.3,21,1,2.22,71.11,52.7,83.39,90.6,0.0,0.0,0.0,0.0,0.0,0.0,0.0,0.0,0.0,0.0,0.0,0.0,0.0,0.0,0.0,0.0,0.0,22.5,829.1,0.74,0.0,0.0,0.0,0.0,0.0,0.0,0,0.0,17.0,89.76,15.0,79.2,286.0,1510.03,205.0,1082.37,517.0,2729.67,55.0,290.39,0.0,0.0,1678.99,4102.43,0
ForrestCitycity,13364,2.81,56.66,42.52,0.51,0.7,16.65,27.06,12.27,12.65,0,0.0,13704,63.62,1.48,17.14,32.89,24.31,10.32,17832,7399,11512,4103,11195,30159,0.0,9022,5405,41.55,19.9,38.35,12.49,15.94,45.35,17.03,28.89,18.34,24.81,10.43,30.04,16.51,13.96,3.34,51.58,45.3,55.79,55.04,66.56,67.19,1301,9.32,81,32.1,32.1,58.02,58.02,0.19,0.19,0.35,0.35,97.28,0.5,9.15,6.62,2.74,2.77,2.7,52.89,7.3,46.72,3,439,91.55,52.19,8.43,42.6,1968,16.63,1.91,27700,40200,56200,28500,99,170,232,133,278,33.5,22.5,16.2,2,0,0.61,78.13,55.58,88.39,94.89,0.0,0.0,0.0,0.0,0.0,0.0,0.0,0.0,0.0,0.0,0.0,0.0,0.0,0.0,0.0,0.0,0.0,14.3,934.3,0.33,0.0,0.0,0.0,0.0,0.0,0.0,0,0.0,11.0,81.43,39.0,288.7,128.0,947.52,268.0,1983.86,1030.0,7624.55,71.0,525.58,5.0,37.01,1317.64,10171.0,1
WisconsinRapidscity,18245,2.42,0.1,96.78,1.67,0.73,11.46,24.25,11.29,16.34,0,0.0,25759,70.85,0.26,52.79,35.73,8.56,19.2,31354,13106,13288,8941,5423,5678,437.0,4814,2024,11.26,10.99,21.56,12.43,7.06,54.35,32.83,19.53,21.11,17.73,9.03,25.53,11.69,10.47,2.97,72.32,73.11,81.43,74.98,54.15,63.35,423,2.51,281,11.39,25.62,35.59,41.64,0.18,0.39,0.55,0.64,96.33,0.86,3.55,2.36,2.38,2.49,2.18,67.78,1.58,47.61,3,284,96.37,64.86,0.35,32.75,1956,2.75,0.37,35800,44500,56800,21000,212,283,350,138,354,24.4,15.9,13.3,0,0,1.54,86.54,57.12,86.57,95.05,0.0,0.0,0.0,0.0,0.0,0.0,0.0,0.0,0.0,0.0,0.0,0.0,0.0,0.0,0.0,0.0,0.0,12.1,1506.4,0.0,0.0,0.0,0.0,0.0,0.0,0.0,1,5.41,1.0,5.41,2.0,10.81,45.0,243.34,137.0,740.82,868.0,4693.67,16.0,86.52,2.0,10.81,264.97,5531.82,1
Masoncity,11452,2.75,0.39,98.63,0.71,0.47,12.5,25.72,10.99,8.02,11460,100.0,39738,85.48,0.55,49.45,19.45,3.39,15.86,43523,15866,15943,0,847,10621,7300.0,11359,301,2.66,5.43,16.17,20.29,2.84,71.79,26.42,18.73,15.25,27.17,7.98,22.52,11.58,9.86,3.16,85.12,83.58,93.38,84.97,72.12,75.18,48,0.61,139,0.0,0.0,14.39,39.57,0.0,0.0,0.17,0.48,97.02,0.08,3.07,2.35,2.71,2.85,2.3,78.53,0.91,32.07,3,105,97.54,74.67,0.0,33.33,1974,2.23,0.0,65500,81600,98700,33200,319,378,439,120,455,23.4,20.2,11.3,0,0,1.21,70.58,51.5,71.58,92.61,0.0,0.0,0.0,0.0,0.0,0.0,0.0,0.0,0.0,0.0,0.0,0.0,0.0,0.0,0.0,0.0,0.0,12.7,904.6,0.19,0.0,0.0,0.0,0.0,0.0,0.0,0,0.0,4.0,29.98,6.0,44.97,8.0,59.96,52.0,389.75,247.0,1851.3,4.0,29.98,2.0,14.99,134.91,2286.01,0
Westminstercity,13068,2.52,5.52,93.2,0.74,1.06,17.39,35.2,19.89,12.01,0,0.0,31298,76.7,0.18,44.41,27.85,4.47,13.21,39418,14148,14505,8579,12709,15998,8471.0,7580,1013,8.51,9.51,24.82,21.93,3.73,64.03,14.29,24.96,12.43,27.1,11.28,35.27,15.58,13.65,2.92,66.31,65.58,82.72,63.87,68.76,73.97,201,2.46,214,24.77,24.77,26.64,33.64,0.41,0.41,0.44,0.55,96.28,0.29,2.72,1.76,2.31,2.58,2.1,48.86,1.33,49.99,3,289,94.72,43.76,0.35,25.95,1974,2.3,0.0,81500,94300,118600,37100,305,398,482,177,473,25.6,23.3,11.6,19,0,1.64,66.78,37.53,68.42,87.48,0.0,0.0,0.0,0.0,0.0,0.0,0.0,0.0,0.0,0.0,0.0,0.0,0.0,0.0,0.0,0.0,0.0,5.7,2283.7,0.76,0.0,0.0,0.0,0.0,0.0,0.0,3,20.53,4.0,27.37,19.0,129.99,45.0,307.88,153.0,1046.8,747.0,5110.84,37.0,253.15,13.0,88.94,485.77,6499.73,1
Douglascity,10464,2.74,44.43,54.58,0.66,0.76,17.06,27.81,14.74,12.8,0,0.0,19038,68.45,2.02,22.26,31.34,18.58,12.64,22470,11543,15502,6466,0,34228,6933.0,9080,2639,26.24,15.48,38.02,15.86,8.71,53.51,26.14,23.16,23.06,21.36,10.89,32.25,17.1,14.42,3.17,52.31,44.61,55.47,53.41,59.03,67.56,805,8.41,132,0.0,10.61,26.52,32.58,0.0,0.13,0.33,0.41,97.66,0.17,6.03,4.32,2.62,2.63,2.6,61.89,6.51,39.56,3,410,90.31,61.67,0.49,41.46,1971,16.75,0.71,34000,47300,72400,38400,100,188,258,158,276,26.2,19.2,15.2,0,0,1.26,82.0,52.0,80.72,91.45,0.0,0.0,0.0,0.0,0.0,0.0,0.0,0.0,0.0,0.0,0.0,0.0,0.0,0.0,0.0,0.0,0.0,12.0,873.5,0.0,0.0,0.0,0.0,0.0,0.0,0.0,3,25.61,3.0,25.61,19.0,162.17,177.0,1510.75,432.0,3687.27,986.0,8415.84,62.0,529.19,4.0,34.14,1724.14,12666.44,1
WestDeptfordtownship,19380,2.62,3.86,94.87,0.92,1.28,13.11,28.55,13.05,9.4,19308,99.63,38410,85.57,0.3,43.24,21.49,3.06,14.06,43531,17276,17340,14565,6288,21284,20312.0,38203,1008,5.25,5.42,20.42,18.2,3.88,68.6,19.66,20.95,15.36,26.33,9.78,29.53,11.05,10.44,3.15,80.07,78.18,88.19,77.27,56.32,67.33,363,2.66,496,9.48,10.89,10.89,12.9,0.24,0.28,0.28,0.33,94.1,0.49,4.1,2.88,2.6,2.88,1.94,77.48,1.53,45.42,3,231,96.98,69.85,1.73,30.3,1968,1.27,0.26,79900,101300,132200,52300,430,481,537,107,548,23.8,20.7,13.6,7,0,2.56,60.88,57.69,81.26,92.54,0.0,0.0,0.0,0.0,0.0,0.0,0.0,0.0,0.0,0.0,0.0,0.0,0.0,0.0,0.0,0.0,0.0,16.5,1176.9,2.69,0.0,0.0,0.0,0.0,0.0,0.0,1,4.92,2.0,9.84,9.0,44.29,17.0,83.66,146.0,718.47,443.0,2180.01,42.0,206.68,1.0,4.92,142.71,3110.08,0
Greenburghtown,83816,2.7,13.15,77.73,7.6,5.88,11.48,22.61,10.44,12.67,83816,100.0,58947,83.59,0.69,61.56,25.0,2.6,17.35,69707,29627,32296,16369,21377,27887,14247.0,16870,3341,4.1,4.7,12.2,46.65,4.37,66.54,11.53,34.94,5.43,48.31,5.58,28.39,8.93,7.39,3.06,84.04,77.06,94.09,85.16,53.69,64.18,1207,2.22,15176,18.19,29.24,36.45,42.57,3.29,5.29,6.6,7.71,79.29,3.01,4.4,3.25,2.61,2.75,2.28,74.7,2.65,43.09,3,1352,95.83,70.99,1.55,38.17,1954,0.94,0.26,226700,292200,385700,159000,459,633,907,448,698,23.8,22.8,15.7,527,0,18.11,65.94,62.92,80.4,90.63,0.0,0.0,0.0,0.0,0.0,0.0,0.0,0.0,0.0,0.0,0.0,0.0,0.0,0.0,0.0,0.0,0.0,31.6,2651.1,19.89,0.0,0.0,0.0,0.0,0.0,0.0,0,0.0,2.0,4.87,48.0,116.89,46.0,112.01,188.0,457.8,1135.0,2763.84,22.0,53.57,4.0,9.74,233.77,3284.96,0
SantaMonicacity,86905,1.94,4.51,82.8,6.39,14.05,7.62,21.72,8.68,14.05,86905,100.0,35997,75.32,0.6,48.27,21.85,4.76,10.37,51085,29134,31506,13801,14193,26110,11390.0,13293,7979,9.35,5.51,12.51,43.39,4.81,65.83,9.49,33.55,5.17,46.61,13.78,43.11,18.43,16.26,2.8,69.12,69.13,87.94,64.26,58.83,65.1,1624,3.53,21990,11.43,18.16,25.88,35.26,2.89,4.6,6.55,8.92,72.69,4.65,4.22,1.73,1.88,2.33,1.71,34.14,5.38,81.69,2,2893,93.94,27.51,6.64,40.41,1958,1.36,0.44,393600,500001,500001,106401,381,498,648,267,532,22.2,25.5,11.3,318,368,25.3,33.13,52.78,84.79,88.29,161.0,184.03,139.0,158.89,112281.0,128344.6,697.4,184.0,91.85,71.43,9.32,16.15,1.86,27.33,6.0,9.0,67.4,8.6,10143.0,5.41,63.0,17231368.0,86.34,5.0,3.73,196965.91,9,10.29,49.0,56.01,716.0,818.44,671.0,767.0,1511.0,1727.17,6181.0,7065.29,1754.0,2004.94,137.0,156.6,1651.73,10954.0,1
Stephenvillecity,13502,2.45,1.33,93.1,0.7,7.04,24.03,39.51,27.56,13.92,0,0.0,18346,72.89,3.75,38.56,29.55,4.94,16.68,30245,10802,11140,5622,6092,8000,6247.0,6252,2724,22.14,8.74,23.7,27.65,7.18,55.69,13.83,30.71,15.11,26.85,7.47,42.42,10.85,9.27,2.95,77.45,72.91,91.63,77.81,45.45,61.19,86,1.01,324,9.88,28.4,41.67,52.16,0.24,0.68,1.0,1.25,92.05,1.22,3.43,1.87,2.21,2.35,2.06,56.27,3.2,56.28,2,825,86.97,52.94,1.21,35.03,1970,8.67,0.7,33400,50600,67400,34000,206,267,335,129,331,30.3,19.9,14.0,0,0,2.38,80.95,36.61,60.09,95.69,0.0,0.0,0.0,0.0,0.0,0.0,0.0,0.0,0.0,0.0,0.0,0.0,0.0,0.0,0.0,0.0,0.0,8.4,1605.9,0.0,0.0,0.0,0.0,0.0,0.0,0.0,0,0.0,1.0,6.91,3.0,20.72,5.0,34.54,132.0,911.79,546.0,3771.5,10.0,69.08,1.0,6.91,62.17,4759.27,1
Clintontown,12767,2.74,1.02,96.77,1.03,2.93,13.45,24.99,11.69,8.99,0,0.0,45884,85.1,0.83,53.91,21.24,2.26,12.62,51534,17698,17793,16409,12898,21009,10218.0,9590,421,3.33,3.18,14.15,26.46,4.84,72.21,19.86,21.92,12.73,30.38,8.03,27.27,11.69,9.91,3.15,83.9,82.14,94.51,90.65,61.88,74.3,115,1.32,361,19.67,21.05,26.87,28.81,0.56,0.6,0.76,0.81,94.24,1.19,4.07,3.09,2.72,2.84,2.3,80.91,1.22,36.79,3,752,86.1,77.42,0.93,68.35,1965,1.05,1.61,151400,174800,215400,64000,488,640,750,262,775,28.7,24.7,13.5,46,0,2.83,62.52,54.9,73.72,89.19,0.0,0.0,0.0,0.0,0.0,0.0,0.0,0.0,0.0,0.0,0.0,0.0,0.0,0.0,0.0,0.0,0.0,16.9,756.9,0.87,0.0,0.0,0.0,0.0,0.0,0.0,0,0.0,0.0,0.0,4.0,30.4,5.0,38.0,78.0,592.75,143.0,1086.71,6.0,45.6,1.0,7.6,68.39,1732.65,0
Columbiacity,69101,2.67,9.93,85.14,4.12,1.31,26.06,45.3,32.02,7.48,69101,100.0,22059,82.93,1.76,45.96,16.91,4.87,10.49,34598,12452,13355,6933,11495,7637,7127.0,9915,13195,22.42,5.02,12.8,44.98,4.91,60.7,6.25,44.51,7.78,35.91,7.46,50.96,10.34,8.97,2.93,70.25,67.89,82.87,62.6,69.78,74.98,1903,5.69,4162,40.92,55.89,62.88,71.48,2.46,3.37,3.79,4.31,91.64,1.57,3.23,1.83,2.27,2.54,2.06,48.96,2.44,55.05,2,1710,93.79,43.76,2.92,26.67,1969,3.85,0.16,54200,73400,101600,47400,234,306,378,144,382,29.0,17.9,11.9,57,3,6.02,59.86,27.44,52.34,80.9,0.0,0.0,0.0,0.0,0.0,0.0,0.0,0.0,0.0,0.0,0.0,0.0,0.0,0.0,0.0,0.0,0.0,45.9,1504.7,1.29,0.0,0.0,0.0,0.0,0.0,0.0,1,1.34,30.0,40.15,108.0,144.55,300.0,401.52,571.0,764.22,3532.0,4727.17,166.0,222.17,30.0,40.15,587.55,5753.71,1
Morristowntown,16189,2.41,23.06,70.73,2.51,13.65,9.1,28.07,12.04,12.82,16189,100.0,42748,82.46,0.66,51.96,25.8,4.42,12.49,49718,22036,25204,13370,18017,28552,10588.0,10887,1116,7.27,8.68,21.61,32.43,5.03,67.6,14.89,26.99,8.67,33.98,11.17,43.72,14.65,13.02,3.01,63.87,58.69,80.47,69.8,63.48,71.72,648,6.08,3166,26.85,46.3,51.74,60.99,5.25,9.06,10.12,11.93,77.58,6.4,7.62,4.25,2.28,2.61,2.08,43.15,5.27,62.26,2,349,95.06,37.6,2.87,30.95,1951,2.1,0.0,168900,205800,248800,79900,444,595,754,310,640,24.0,22.5,14.3,62,1,19.56,49.73,46.68,71.81,82.64,0.0,0.0,0.0,0.0,0.0,0.0,0.0,0.0,0.0,0.0,0.0,0.0,0.0,0.0,0.0,0.0,0.0,3.0,5316.9,5.88,0.0,0.0,0.0,0.0,0.0,0.0,0,0.0,3.0,18.19,48.0,291.07,80.0,485.11,166.0,1006.61,710.0,4305.38,50.0,303.2,0.0,0.0,794.37,5615.18,1
Salemcity,12233,2.44,0.47,99.0,0.32,0.48,12.56,23.9,11.25,16.38,0,0.0,23684,67.32,0.58,42.79,35.95,7.59,20.07,29733,11548,11517,9222,30192,49869,6550.0,12713,1669,13.85,7.17,26.28,9.37,5.19,55.41,34.13,19.37,26.49,16.47,10.52,22.85,12.75,11.74,3.01,75.67,73.46,84.53,76.14,48.86,59.83,76,0.74,158,13.29,13.29,13.29,13.29,0.17,0.17,0.17,0.17,96.3,0.17,3.68,2.48,2.42,2.55,2.17,68.08,0.86,41.96,3,291,94.51,64.47,3.09,49.14,1946,6.51,0.47,31000,42200,57000,26000,182,236,291,109,330,24.5,18.7,12.3,0,0,1.29,79.24,55.22,87.22,93.75,0.0,0.0,0.0,0.0,0.0,0.0,0.0,0.0,0.0,0.0,0.0,0.0,0.0,0.0,0.0,0.0,0.0,4.8,2570.0,0.1,0.0,0.0,0.0,0.0,0.0,0.0,0,0.0,0.0,0.0,0.0,0.0,6.0,46.52,4.0,31.01,89.0,690.08,10.0,77.54,1.0,7.75,46.52,806.39,0
VadnaisHeightscity,11041,2.81,0.72,96.34,2.15,1.21,11.63,25.48,9.79,4.04,11041,100.0,43929,93.09,0.21,50.41,11.36,1.99,8.59,48159,16652,16752,16480,25606,11594,10849.0,9975,297,2.7,1.61,6.8,29.74,4.34,79.76,21.72,19.8,10.0,31.85,8.42,25.32,12.03,10.29,3.24,80.65,81.85,90.28,87.17,76.97,77.17,72,1.14,202,2.48,5.45,22.28,26.24,0.05,0.1,0.41,0.48,96.22,0.41,3.75,2.83,2.81,2.91,2.29,87.38,1.89,41.46,3,106,97.37,84.48,0.94,19.81,1981,0.97,0.12,76700,96700,124700,48000,447,502,545,98,538,21.8,22.9,13.7,0,0,1.83,77.91,43.73,77.3,91.75,0.0,0.0,0.0,0.0,0.0,0.0,0.0,0.0,0.0,0.0,0.0,0.0,0.0,0.0,0.0,0.0,0.0,7.5,1462.5,1.36,0.0,0.0,0.0,0.0,0.0,0.0,0,0.0,0.0,0.0,2.0,14.95,3.0,22.42,35.0,261.6,121.0,904.4,23.0,171.91,1.0,7.47,0.0,1345.39,0
Selmacity,14757,3.24,1.39,64.47,3.34,61.28,16.41,29.56,14.35,10.25,0,0.0,21198,73.14,3.05,24.13,29.47,19.58,14.13,23858,8175,9140,3050,9943,11638,5749.0,5830,3503,24.12,27.77,46.07,8.91,17.23,50.83,18.9,20.78,23.75,15.48,8.01,32.1,14.23,11.22,3.55,65.87,59.86,64.27,62.7,50.74,59.41,825,6.19,2909,21.31,34.17,45.48,48.88,4.2,6.74,8.97,9.64,50.08,14.53,12.96,10.58,3.21,3.06,3.4,53.25,19.34,59.41,2,140,97.02,55.86,2.86,30.71,1968,4.72,0.4,56800,71300,89400,32600,237,316,383,146,386,28.9,23.5,12.1,0,0,19.71,58.4,50.64,85.92,92.46,0.0,0.0,0.0,0.0,0.0,0.0,0.0,0.0,0.0,0.0,0.0,0.0,0.0,0.0,0.0,0.0,0.0,3.9,3760.7,0.0,0.0,0.0,0.0,0.0,0.0,0.0,1,6.06,4.0,24.24,30.0,181.83,186.0,1127.34,181.0,1097.04,486.0,2945.63,250.0,1515.24,12.0,72.73,1339.48,5630.64,0
Delanocity,22762,3.65,2.35,24.26,21.54,62.45,16.97,30.39,15.04,9.67,0,0.0,21054,80.13,1.24,17.57,27.35,18.65,10.93,21787,7491,11418,5192,6320,7544,5699.0,5975,5346,23.66,42.9,58.07,7.6,23.83,48.85,5.56,17.87,11.4,14.15,6.45,32.71,10.05,8.26,3.96,70.47,61.53,68.64,76.11,58.93,66.59,1139,5.28,9075,15.48,24.19,37.29,49.85,6.17,9.64,14.87,19.88,31.76,24.15,21.46,17.77,3.64,3.65,3.63,53.51,33.13,56.91,2,246,96.2,53.38,2.03,24.8,1965,8.68,1.79,53600,65400,79600,26000,221,305,374,153,374,26.5,22.8,11.6,0,0,39.87,45.9,51.54,80.87,90.85,0.0,0.0,0.0,0.0,0.0,0.0,0.0,0.0,0.0,0.0,0.0,0.0,0.0,0.0,0.0,0.0,0.0,8.8,2572.6,0.35,0.0,0.0,0.0,0.0,0.0,0.0,4,14.38,14.0,50.32,73.0,262.37,117.0,420.52,435.0,1563.45,1324.0,4758.65,175.0,628.98,1.0,3.59,747.58,6954.68,1
Davenportcity,95333,2.56,7.89,89.13,1.05,3.46,14.14,27.75,13.47,11.3,95027,99.68,26218,76.25,0.76,42.51,26.36,8.0,16.97,32611,12557,13289,6604,7503,4966,7002.0,7627,14452,15.59,7.16,21.19,20.14,6.51,61.58,17.62,22.98,16.81,24.95,10.16,30.8,13.35,11.85,3.08,68.0,65.35,71.42,72.26,63.89,69.95,3696,5.04,2348,18.06,26.83,34.88,38.67,0.44,0.66,0.86,0.95,94.69,0.83,4.64,3.12,2.5,2.65,2.25,64.98,1.99,48.98,3,3138,92.22,61.17,7.84,43.56,1956,4.27,0.31,37200,48800,65100,27900,220,283,345,125,351,26.3,17.3,13.1,107,31,2.46,63.82,51.41,81.4,86.3,142.0,145.78,123.0,126.27,94000.0,96499.3,662.0,145.8,93.36,95.07,2.82,1.41,0.0,4.23,6.0,10.0,110.3,63.6,1499.7,1.06,61.0,8517862.0,86.62,10.0,4.23,87443.4,4,4.11,65.0,66.73,290.0,297.71,1166.0,1197.0,1837.0,1885.84,5551.0,5698.59,415.0,426.03,66.0,67.75,1565.55,8078.23,1
Kilgorecity,11066,2.54,13.06,84.55,0.11,3.24,15.65,26.46,14.14,16.39,0,0.0,24644,71.46,0.89,36.61,36.45,4.77,17.0,31308,12644,13832,5209,0,0,10970.0,8285,1472,13.89,12.08,27.01,17.73,7.02,55.47,15.46,23.84,17.6,22.84,10.23,25.41,12.6,11.52,3.02,73.97,68.06,77.9,80.84,55.35,67.33,258,2.85,277,21.66,36.46,52.35,57.04,0.54,0.91,1.31,1.43,95.12,1.8,4.12,2.8,2.43,2.43,2.43,65.54,3.35,48.6,3,516,89.42,65.54,4.26,65.89,1960,8.18,0.72,27900,45600,70300,42400,203,265,331,128,370,24.5,18.8,13.2,0,0,2.49,70.52,52.87,70.99,93.64,0.0,0.0,0.0,0.0,0.0,0.0,0.0,0.0,0.0,0.0,0.0,0.0,0.0,0.0,0.0,0.0,0.0,12.4,895.6,0.0,0.0,0.0,0.0,0.0,0.0,0.0,1,8.64,17.0,146.88,21.0,181.44,82.0,708.48,264.0,2280.97,892.0,7706.93,97.0,838.09,4.0,34.56,1045.45,10860.55,1
Cranstoncity,76060,2.59,2.42,95.08,1.77,2.01,11.26,24.23,11.85,16.87,76060,100.0,34528,74.33,0.64,49.37,35.27,6.39,19.61,41896,15922,16165,11458,7652,11421,9115.0,8496,4715,6.52,8.52,26.03,21.11,5.96,58.19,19.16,24.21,11.88,28.84,8.3,31.6,10.94,9.69,3.02,78.22,75.87,86.2,77.97,55.3,66.56,1114,2.08,5586,4.87,9.38,15.04,22.11,0.36,0.69,1.1,1.62,86.28,1.92,3.3,2.31,2.46,2.71,1.97,73.09,1.04,46.14,3,1167,96.18,66.36,0.94,32.56,1955,1.68,0.37,105800,129700,161000,55200,335,461,562,227,534,27.1,22.4,14.6,84,0,7.34,76.62,63.0,88.23,93.89,140.0,182.34,117.0,152.38,9580.0,12477.2,68.4,182.3,95.79,99.29,0.71,0.0,0.0,0.71,0.0,10.0,257.5,29.6,2569.9,2.62,85.0,6264352.0,83.57,0.0,0.0,81588.3,0,0.0,9.0,11.72,36.0,46.89,83.0,108.1,616.0,802.29,1650.0,2149.0,339.0,441.52,16.0,20.84,166.71,3413.65,0
LongBeachcity,429433,2.7,13.68,58.38,13.57,23.62,13.82,31.13,15.56,9.56,429433,100.0,31938,77.65,0.52,35.44,21.04,11.35,13.73,36305,15639,20334,10518,12658,9544,6860.0,7758,69694,16.82,11.53,24.49,23.22,6.54,62.93,20.42,22.77,13.21,28.85,11.64,41.43,15.94,13.78,3.36,64.25,60.26,71.53,67.31,50.26,57.56,20207,7.4,104150,19.87,31.62,45.72,61.08,4.82,7.67,11.09,14.81,67.24,9.81,11.98,7.18,2.61,2.55,2.65,40.03,16.49,74.38,2,11413,93.3,40.96,3.39,16.67,1955,4.28,0.73,168700,222900,292600,123900,435,551,694,259,605,30.0,25.1,11.4,394,66,24.25,40.92,40.38,77.16,84.29,643.0,147.47,598.0,137.15,608430.0,139537.3,946.2,147.5,75.18,82.74,5.29,10.11,1.4,16.64,27.0,8.0,277.0,51.8,8287.7,6.3,192.0,80872872.0,93.0,5.0,4.2,185473.8,126,28.9,200.0,45.87,3717.0,852.46,3073.0,704.76,6780.0,1554.92,14108.0,3235.53,7626.0,1748.95,243.0,55.73,1631.98,6595.13,0
Jacksoncity,48949,2.55,40.25,59.13,0.44,0.53,16.01,28.66,15.45,13.55,48949,100.0,21063,73.89,0.79,29.84,31.05,11.81,15.06,26466,11268,14703,6238,11620,11791,4393.0,9400,9796,20.97,13.33,32.56,17.12,6.9,57.5,20.79,25.97,17.83,24.26,11.2,31.68,15.26,13.47,3.01,57.04,51.56,62.4,57.99,68.41,74.04,3441,8.67,327,49.24,51.99,53.52,58.41,0.33,0.35,0.36,0.39,97.77,0.41,4.07,2.77,2.43,2.54,2.29,58.38,2.53,47.95,3,1533,92.61,55.91,1.37,27.14,1965,6.98,0.22,34600,50600,70300,35700,145,240,316,171,334,25.0,20.6,13.2,17,0,0.67,77.24,48.33,80.23,91.22,136.0,247.58,123.0,223.92,34614.0,63013.6,254.5,247.6,78.25,80.88,19.12,0.0,0.0,19.12,0.0,6.0,71.5,41.8,1170.8,1.67,80.0,6877907.0,90.44,10.0,0.0,125209.9,19,34.59,33.0,60.08,247.0,449.66,630.0,1146.89,1264.0,2301.07,3475.0,6326.12,287.0,522.47,35.0,63.72,1691.21,9213.38,1
Corcorancity,13364,5.28,17.13,36.2,0.58,51.77,13.14,39.97,18.07,4.53,0,0.0,21558,74.78,1.16,20.9,23.46,23.06,12.41,22358,8270,12106,5715,8542,14241,6298.0,5898,1965,24.15,18.56,42.24,5.43,12.35,26.3,7.99,19.49,20.51,16.91,6.78,61.96,12.95,8.44,3.68,69.24,63.5,64.77,74.33,52.01,56.18,665,9.3,2136,14.23,23.5,25.51,36.05,2.27,3.76,4.08,5.76,55.84,7.92,14.14,11.53,3.28,3.25,3.32,55.43,18.4,52.4,2,181,93.33,55.94,1.66,47.51,1969,15.82,0.22,46000,58300,74100,28100,190,294,388,198,379,26.1,21.8,12.5,0,0,16.1,56.75,41.71,55.09,91.92,0.0,0.0,0.0,0.0,0.0,0.0,0.0,0.0,0.0,0.0,0.0,0.0,0.0,0.0,0.0,0.0,0.0,5.9,2277.4,0.38,0.0,0.0,0.0,0.0,0.0,0.0,2,14.43,4.0,28.86,12.0,86.57,88.0,634.83,109.0,786.32,178.0,1284.09,34.0,245.27,11.0,79.35,764.68,2395.04,0
FortWorthcity,447619,2.66,22.01,63.79,1.99,19.51,13.84,30.16,14.44,10.07,447157,99.9,26547,80.04,0.83,34.15,23.25,6.18,13.58,30967,13162,16405,7583,10603,11064,6401.0,6956,75597,17.42,12.39,28.38,21.47,7.43,61.85,21.48,21.2,16.43,25.67,13.32,31.15,16.63,15.02,3.22,68.71,62.53,79.11,70.5,60.06,67.32,15913,4.94,40300,14.26,22.64,34.3,52.22,1.28,2.04,3.09,4.7,80.59,4.82,7.84,5.2,2.58,2.7,2.43,57.17,7.88,58.08,2,26155,86.55,54.53,13.05,44.66,1964,9.28,0.58,39400,59900,86900,47500,268,337,415,147,403,24.6,21.4,13.1,884,347,9.0,64.49,45.85,80.21,89.38,0.0,0.0,0.0,0.0,0.0,0.0,0.0,0.0,0.0,0.0,0.0,0.0,0.0,0.0,0.0,0.0,0.0,291.2,1537.2,1.65,0.0,0.0,0.0,0.0,0.0,0.0,133,28.89,507.0,110.14,2750.0,597.41,3589.0,779.67,10505.0,2282.1,26310.0,5715.58,6007.0,1304.96,419.0,91.02,1516.12,9393.66,1
WestCaldwelltownship,10422,2.94,0.51,95.7,3.47,1.73,11.64,21.71,10.56,13.53,10422,100.0,65920,83.79,0.0,70.79,28.23,1.66,18.07,70290,25409,25464,28033,0,22561,55369.0,21588,104,1.01,5.68,11.35,41.55,2.03,69.73,16.19,26.84,5.23,44.25,3.42,28.12,5.97,4.75,3.2,92.06,90.36,100.0,89.29,58.39,68.1,28,0.4,885,7.23,9.83,10.51,16.72,0.61,0.83,0.89,1.42,86.83,1.49,4.14,3.44,2.89,2.97,2.16,92.31,0.62,18.0,3,36,99.0,89.71,0.0,47.22,1955,0.0,0.2,193800,233300,285700,91900,626,750,916,290,858,32.2,20.6,14.4,0,0,8.49,69.4,71.74,87.55,94.77,0.0,0.0,0.0,0.0,0.0,0.0,0.0,0.0,0.0,0.0,0.0,0.0,0.0,0.0,0.0,0.0,0.0,5.2,1992.3,4.88,0.0,0.0,0.0,0.0,0.0,0.0,0,0.0,0.0,0.0,5.0,47.2,4.0,37.76,27.0,254.89,213.0,2010.76,22.0,207.68,0.0,0.0,84.96,2473.33,0
Watsonvillecity,31099,3.3,0.73,55.14,5.55,60.86,15.04,30.06,14.31,11.02,31099,100.0,27980,76.83,1.01,33.42,29.85,12.2,16.45,31160,10422,13124,8581,9541,13585,5984.0,6544,4658,15.3,30.14,46.41,10.66,10.99,59.76,16.22,18.28,20.73,15.67,7.69,32.39,12.68,10.25,3.71,70.95,65.62,82.61,81.23,63.48,67.81,1068,4.52,10919,17.37,29.01,36.93,45.03,6.1,10.19,12.97,15.81,42.77,23.31,18.71,14.02,3.24,2.87,3.58,42.35,26.49,71.81,2,472,95.24,47.82,3.39,40.89,1971,3.39,1.03,146300,185000,233500,87200,401,557,690,289,625,30.3,27.2,11.9,124,25,35.11,48.17,43.75,82.04,90.61,0.0,0.0,0.0,0.0,0.0,0.0,0.0,0.0,0.0,0.0,0.0,0.0,0.0,0.0,0.0,0.0,0.0,6.1,5071.6,1.96,0.0,0.0,0.0,0.0,0.0,0.0,1,3.1,12.0,37.21,128.0,396.87,347.0,1075.9,399.0,1237.13,1729.0,5360.91,199.0,617.02,13.0,40.31,1513.08,7255.36,1
Westlandcity,84724,2.56,3.34,94.66,0.98,1.88,13.16,30.0,13.99,9.63,84724,100.0,34995,82.5,0.24,43.0,23.59,5.41,16.72,41116,15079,15143,14581,10039,13121,15428.0,15090,5928,7.11,6.39,24.31,11.39,6.26,65.59,27.33,16.63,19.06,19.14,10.89,31.45,14.27,12.67,3.11,74.29,72.49,82.51,76.59,58.86,64.99,1221,1.91,3711,6.52,11.13,18.14,20.1,0.29,0.49,0.79,0.88,94.07,0.5,4.35,2.97,2.53,2.87,2.01,68.39,2.64,47.18,3,1404,95.93,60.21,2.49,21.51,1964,2.05,0.17,50900,63400,74600,23700,402,457,516,114,512,24.2,16.2,12.7,0,0,4.38,75.32,54.96,88.29,94.46,0.0,0.0,0.0,0.0,0.0,0.0,0.0,0.0,0.0,0.0,0.0,0.0,0.0,0.0,0.0,0.0,0.0,21.2,3996.4,0.47,0.0,0.0,0.0,0.0,0.0,0.0,4,4.67,0.0,0.0,96.0,112.02,343.0,400.25,666.0,777.17,2692.0,3141.34,494.0,576.46,48.0,56.01,0.0,4550.97,0
Weehawkentownship,12385,2.45,4.5,83.46,2.7,41.44,10.93,29.24,12.45,11.29,12385,100.0,34716,80.03,0.16,42.21,23.89,7.09,10.77,39337,17363,18490,12554,16574,14064,10195.0,10911,1183,9.56,15.25,29.51,27.55,8.2,65.64,18.84,18.96,16.28,30.75,8.75,41.03,12.31,10.6,3.09,69.67,66.21,91.54,77.97,57.05,62.04,417,5.71,4882,11.08,19.34,26.12,37.3,4.37,7.62,10.29,14.7,43.75,15.02,5.85,3.6,2.45,2.73,2.32,34.88,7.1,66.58,2,528,90.54,31.24,1.7,55.68,1939,4.91,0.54,154400,215800,290000,135600,340,475,704,364,518,23.4,25.3,19.3,24,0,39.42,35.95,54.85,76.53,81.05,0.0,0.0,0.0,0.0,0.0,0.0,0.0,0.0,0.0,0.0,0.0,0.0,0.0,0.0,0.0,0.0,0.0,0.9,14029.2,37.01,0.0,0.0,0.0,0.0,0.0,0.0,2,15.55,1.0,7.77,30.0,233.23,42.0,326.52,167.0,1298.3,448.0,3482.86,115.0,894.04,2.0,15.55,583.07,5690.74,1
NewBerncity,17363,2.39,43.56,55.6,0.35,0.7,13.19,26.16,12.06,15.14,0,0.0,19894,70.2,0.26,30.28,31.04,14.86,16.71,25102,10893,14477,6436,4748,2508,6916.0,9853,3926,23.2,13.04,30.14,15.99,5.41,56.08,17.1,25.29,17.47,21.92,11.81,29.84,17.63,15.11,2.98,54.06,48.71,56.81,54.04,57.54,66.8,1276,8.2,309,20.71,22.65,24.92,33.01,0.37,0.4,0.44,0.59,96.94,0.4,4.29,2.75,2.33,2.45,2.21,53.37,2.85,52.11,2,760,90.53,50.78,4.87,39.34,1964,11.76,0.31,41900,55600,74500,32600,141,234,326,185,335,26.8,21.9,13.4,0,2,1.78,70.68,49.06,76.84,85.4,0.0,0.0,0.0,0.0,0.0,0.0,0.0,0.0,0.0,0.0,0.0,0.0,0.0,0.0,0.0,0.0,0.0,10.6,1639.9,0.35,0.0,0.0,0.0,0.0,0.0,0.0,1,5.43,16.0,86.91,80.0,434.57,310.0,1683.96,675.0,3666.68,1582.0,8593.62,110.0,597.53,12.0,65.19,2210.88,12923.03,1
RockHillcity,41643,2.84,38.14,60.42,0.82,0.64,18.54,34.13,20.08,11.19,41643,100.0,26615,80.56,0.37,27.62,26.42,7.67,14.1,31404,11481,14159,7394,6076,6771,10218.0,12158,6312,16.38,16.51,37.12,17.69,6.92,62.13,26.69,20.14,22.06,21.81,10.45,36.8,12.61,11.65,3.18,61.2,54.02,68.06,64.49,73.57,75.86,2781,8.81,542,11.25,11.25,26.2,44.46,0.15,0.15,0.34,0.58,96.26,0.43,6.56,4.62,2.64,2.67,2.6,54.49,5.36,51.75,2,1013,93.54,53.87,3.65,34.16,1965,9.21,0.76,40400,56300,81400,41000,215,314,396,181,438,25.1,19.6,13.9,43,0,1.3,69.31,50.02,77.35,86.97,0.0,0.0,0.0,0.0,0.0,0.0,0.0,0.0,0.0,0.0,0.0,0.0,0.0,0.0,0.0,0.0,0.0,24.0,1736.3,0.23,0.0,0.0,0.0,0.0,0.0,0.0,6,12.73,23.0,48.81,120.0,254.66,816.0,1731.71,710.0,1506.76,2270.0,4817.39,149.0,316.21,5.0,10.61,2047.92,6650.96,1
Uticacity,68637,2.42,10.49,86.66,1.12,3.4,13.75,27.31,14.3,17.16,68637,100.0,19950,65.39,0.37,37.17,36.57,14.25,20.33,26757,10726,11556,5645,4652,5490,3318.0,4604,14308,21.73,15.21,32.62,12.31,9.39,50.91,15.63,28.04,13.16,22.5,10.18,38.41,12.34,11.35,3.03,60.08,57.12,63.17,65.1,56.73,64.73,3379,6.19,3718,20.04,22.24,26.33,31.31,1.09,1.2,1.43,1.7,85.65,2.16,4.98,3.03,2.31,2.5,2.13,52.86,1.66,43.58,3,2769,91.1,48.88,3.14,43.59,1939,10.38,0.51,50600,65900,83300,32700,203,271,337,134,338,28.7,20.6,14.4,178,0,5.42,82.71,59.31,88.48,95.18,0.0,0.0,0.0,0.0,0.0,0.0,0.0,0.0,0.0,0.0,0.0,0.0,0.0,0.0,0.0,0.0,0.0,16.9,4052.3,4.99,0.0,0.0,0.0,0.0,0.0,0.0,14,21.88,24.0,37.51,170.0,265.72,65.0,101.6,681.0,1064.43,2634.0,4117.04,260.0,406.39,13.0,20.32,426.71,5608.18,1
Westlakecity,27018,2.63,0.6,96.27,2.89,0.94,11.83,21.92,9.66,13.15,27018,100.0,47629,82.01,0.53,64.52,25.06,1.46,16.74,57136,24000,23630,29377,50353,31748,47096.0,23418,541,2.07,2.74,10.13,37.68,3.03,64.04,17.66,28.58,6.02,44.01,6.74,25.48,8.17,7.5,3.15,89.0,89.17,97.29,90.77,53.9,62.37,64,0.32,1843,8.03,15.36,20.18,25.61,0.55,1.05,1.38,1.75,90.3,0.58,4.92,3.46,2.55,2.8,1.79,82.52,0.61,40.04,3,752,93.17,75.05,0.13,49.47,1976,0.34,0.14,92800,133400,187200,94400,465,554,654,189,624,21.7,20.0,11.4,0,0,6.82,67.47,54.66,84.79,91.89,0.0,0.0,0.0,0.0,0.0,0.0,0.0,0.0,0.0,0.0,0.0,0.0,0.0,0.0,0.0,0.0,0.0,16.5,1640.4,2.97,0.0,0.0,0.0,0.0,0.0,0.0,0,0.0,2.0,6.56,7.0,22.95,10.0,32.78,96.0,314.72,249.0,816.31,60.0,196.7,1.0,3.28,62.29,1331.02,0
Fredericksburgcity,19027,2.55,21.63,76.04,1.08,2.43,20.99,38.98,25.15,12.07,19027,100.0,26614,78.27,0.48,37.01,28.61,5.7,14.93,33353,13825,15390,9103,10031,6877,6980.0,9942,2049,12.29,11.51,26.25,26.07,3.32,61.46,7.18,26.58,12.17,28.31,12.35,40.56,13.4,12.93,2.91,62.35,58.27,74.79,65.39,65.1,74.18,790,6.71,550,28.36,33.82,42.73,55.27,0.82,0.98,1.24,1.6,95.38,1.04,4.3,2.47,2.24,2.41,2.13,40.13,2.71,62.83,2,613,92.4,37.3,3.43,22.02,1964,8.78,0.42,78000,104900,157500,79500,363,461,523,160,530,27.2,20.6,12.4,13,60,2.89,58.25,40.95,53.34,82.58,0.0,0.0,0.0,0.0,0.0,0.0,0.0,0.0,0.0,0.0,0.0,0.0,0.0,0.0,0.0,0.0,0.0,10.9,1746.9,2.15,0.0,0.0,0.0,0.0,0.0,0.0,1,4.47,9.0,40.21,27.0,120.63,63.0,281.46,102.0,455.7,631.0,2819.1,32.0,142.97,12.0,53.61,446.77,3471.38,0
Warrentown,11385,2.53,0.31,99.05,0.4,1.2,11.4,23.92,10.96,15.67,9888,86.85,31637,76.46,0.86,42.69,32.82,6.05,17.33,37795,15255,15266,11949,14762,16449,13000.0,9115,792,7.16,14.14,30.69,15.29,5.21,64.04,27.58,21.18,17.88,22.02,8.34,27.47,10.38,9.43,3.03,78.71,77.41,84.38,82.34,71.62,79.9,117,1.34,1152,0.61,10.42,15.71,16.23,0.06,1.05,1.59,1.64,82.67,3.58,3.45,2.38,2.47,2.73,2.09,65.33,1.22,48.02,3,292,93.9,59.1,0.34,51.03,1949,2.56,1.15,110800,139700,172500,61700,304,408,503,199,491,26.7,23.7,13.5,0,0,10.12,55.36,58.31,79.49,90.11,0.0,0.0,0.0,0.0,0.0,0.0,0.0,0.0,0.0,0.0,0.0,0.0,0.0,0.0,0.0,0.0,0.0,6.4,1785.6,1.88,0.0,0.0,0.0,0.0,0.0,0.0,0,0.0,1.0,8.82,0.0,0.0,0.0,0.0,61.0,538.2,280.0,2470.44,18.0,158.81,0.0,0.0,8.82,3167.46,0
BrighamCitycity,15644,3.17,0.07,94.75,0.91,5.01,16.53,26.22,11.04,9.98,0,0.0,33784,81.25,2.1,43.91,27.4,4.64,21.11,37181,11819,11949,0,5497,10803,12921.0,10348,1062,6.83,3.87,15.92,22.23,7.05,60.34,37.88,19.29,12.53,32.44,6.42,22.42,9.08,7.79,3.63,84.48,85.45,90.65,86.43,52.95,60.74,81,0.54,277,0.0,0.0,0.0,9.03,0.0,0.0,0.0,0.16,94.56,0.83,16.35,13.15,3.14,3.31,2.66,78.8,3.85,29.02,3,275,94.72,74.9,1.82,37.82,1962,3.29,0.13,54600,66300,81600,27000,204,270,333,129,353,19.2,16.8,11.6,20,0,1.77,68.58,60.89,83.74,92.67,0.0,0.0,0.0,0.0,0.0,0.0,0.0,0.0,0.0,0.0,0.0,0.0,0.0,0.0,0.0,0.0,0.0,12.9,1211.2,0.66,0.0,0.0,0.0,0.0,0.0,0.0,0,0.0,6.0,35.31,1.0,5.89,9.0,52.97,98.0,576.74,547.0,3219.16,8.0,47.08,0.0,0.0,94.16,3842.98,0
NorthHaventown,22247,2.79,2.13,95.77,1.77,1.16,12.09,22.0,11.22,16.12,22232,100.0,49148,82.02,0.9,58.9,33.26,1.27,21.76,53440,21335,21307,24326,43438,18012,17896.0,24756,542,2.45,6.07,17.51,26.35,3.69,66.69,17.18,25.91,11.24,31.93,5.11,27.43,7.65,6.43,3.14,86.81,84.55,94.96,92.49,57.53,73.59,45,0.28,1287,3.34,4.58,10.49,13.44,0.19,0.27,0.61,0.78,89.73,1.42,4.01,3.28,2.77,2.86,2.06,91.28,0.56,22.55,3,260,96.85,88.31,1.92,47.69,1960,0.24,0.0,157900,189400,236300,78400,438,559,648,210,686,25.1,22.1,13.0,0,0,5.79,75.56,71.86,93.93,95.0,0.0,0.0,0.0,0.0,0.0,0.0,0.0,0.0,0.0,0.0,0.0,0.0,0.0,0.0,0.0,0.0,0.0,21.5,1033.3,0.95,0.0,0.0,0.0,0.0,0.0,0.0,0,0.0,1.0,4.44,8.0,35.52,10.0,44.4,124.0,550.5,555.0,2463.93,62.0,275.25,3.0,13.32,84.35,3303.0,0
LighthousePointcity,10378,2.09,0.17,98.88,0.59,2.48,7.02,14.68,7.1,25.27,10378,100.0,40934,62.09,0.28,63.47,45.18,2.4,18.97,53350,28696,28947,11200,0,14431,0.0,14473,517,4.98,5.74,14.88,27.58,4.36,53.1,8.33,21.79,5.15,32.86,10.12,18.74,10.32,10.23,2.61,85.71,85.85,100.0,97.32,71.38,61.96,12,0.14,942,4.99,6.9,15.5,21.55,0.45,0.63,1.41,1.96,89.29,1.35,1.73,1.09,2.09,2.15,1.76,86.31,0.77,53.45,2,790,86.28,83.77,12.66,27.97,1965,0.89,0.0,136300,193400,327200,190900,431,507,639,208,561,28.1,25.5,12.4,0,0,9.08,14.89,57.37,83.15,86.71,0.0,0.0,0.0,0.0,0.0,0.0,0.0,0.0,0.0,0.0,0.0,0.0,0.0,0.0,0.0,0.0,0.0,2.4,4367.8,0.89,0.0,0.0,0.0,0.0,0.0,0.0,0,0.0,0.0,0.0,8.0,75.19,11.0,103.38,49.0,460.53,339.0,3186.09,26.0,244.36,0.0,0.0,178.57,3890.98,0
NetherProvidencetownship,13229,2.75,5.84,92.34,1.65,0.54,11.56,20.64,9.68,14.32,13229,100.0,52780,79.63,0.33,64.97,27.86,3.25,19.02,59868,23280,23787,17064,7906,19397,8261.0,17581,386,2.96,5.07,11.77,43.62,2.0,62.64,13.86,35.74,6.63,48.44,5.59,25.75,8.48,7.12,3.09,84.56,83.8,100.0,85.71,57.63,64.23,104,1.03,483,17.81,19.05,20.08,25.88,0.65,0.7,0.73,0.94,94.22,1.25,4.07,3.27,2.71,2.77,2.29,89.09,1.0,25.17,3,238,95.28,87.08,0.42,55.88,1957,0.64,0.0,117100,168900,219000,101900,411,568,675,264,665,24.5,22.7,15.4,0,0,3.65,72.37,60.2,86.96,91.93,0.0,0.0,0.0,0.0,0.0,0.0,0.0,0.0,0.0,0.0,0.0,0.0,0.0,0.0,0.0,0.0,0.0,4.9,2708.6,7.29,0.0,0.0,0.0,0.0,0.0,0.0,0,0.0,0.0,0.0,2.0,14.86,19.0,141.21,35.0,260.13,182.0,1352.66,30.0,222.97,1.0,7.43,156.08,1843.18,0
Waycrosscity,16410,2.51,48.72,50.57,0.46,0.66,14.56,24.55,11.96,16.84,0,0.0,16586,60.54,0.84,24.16,42.33,19.11,14.87,20839,9009,11864,5993,7300,12670,0.0,8104,4469,27.9,20.25,43.86,11.17,8.17,46.8,18.48,23.49,22.2,20.78,13.0,28.6,16.95,15.26,3.12,52.88,45.98,44.01,60.71,58.17,66.38,1170,7.32,117,0.0,11.97,28.21,56.41,0.0,0.09,0.2,0.4,97.48,0.0,6.44,4.2,2.46,2.42,2.51,58.15,4.7,45.33,3,971,87.09,59.03,2.47,62.92,1960,15.29,0.74,22700,36300,55900,33200,114,185,253,139,278,29.1,20.6,14.1,0,0,0.71,81.87,55.69,84.85,93.41,0.0,0.0,0.0,0.0,0.0,0.0,0.0,0.0,0.0,0.0,0.0,0.0,0.0,0.0,0.0,0.0,0.0,11.7,1400.2,0.11,0.0,0.0,0.0,0.0,0.0,0.0,2,11.15,11.0,61.35,54.0,301.15,64.0,356.92,235.0,1310.58,1334.0,7439.63,58.0,323.46,8.0,44.62,730.58,9118.29,1
Rosenbergcity,20183,2.97,7.85,63.76,0.38,44.2,15.64,28.64,13.92,8.99,0,0.0,25773,79.74,1.98,31.57,22.6,6.59,9.75,29920,10268,12736,5981,27831,7733,5806.0,6098,4304,21.54,23.45,41.17,9.4,6.18,64.63,15.55,23.55,17.96,15.13,10.69,27.61,13.75,12.28,3.44,72.11,66.33,79.26,74.92,69.07,73.75,361,2.04,1943,12.61,20.38,29.85,47.71,1.21,1.96,2.87,4.59,60.98,7.72,9.8,7.52,2.94,2.92,2.97,54.83,13.65,53.37,2,616,91.7,55.23,5.19,61.2,1972,12.95,0.66,38400,53100,68600,30200,222,286,354,132,375,24.8,18.6,13.9,3,0,9.63,76.54,51.0,84.36,94.63,0.0,0.0,0.0,0.0,0.0,0.0,0.0,0.0,0.0,0.0,0.0,0.0,0.0,0.0,0.0,0.0,0.0,11.7,1725.6,0.08,0.0,0.0,0.0,0.0,0.0,0.0,1,4.56,6.0,27.36,65.0,296.38,191.0,870.91,258.0,1176.42,1253.0,5713.37,93.0,424.06,70.0,319.18,1199.22,7633.03,1
Burlingtontownship,12454,2.8,21.1,74.35,2.67,3.66,12.21,27.21,13.02,11.3,11226,90.14,39618,85.79,0.95,40.37,23.03,5.6,19.03,44246,15924,16683,14588,15427,8158,9970.0,9167,578,4.95,8.68,22.02,15.22,4.56,67.06,18.61,18.91,15.55,21.42,10.01,31.1,11.92,11.02,3.12,70.71,66.99,84.58,79.9,62.29,74.92,549,6.42,675,12.44,16.89,24.3,34.96,0.67,0.92,1.32,1.89,90.99,1.17,4.88,3.51,2.64,2.94,2.17,67.39,3.26,48.67,3,219,95.31,60.4,1.37,35.62,1963,2.11,0.28,89900,117800,147600,57700,442,475,518,76,523,23.1,21.6,14.2,53,0,5.42,56.86,56.52,84.0,92.47,0.0,0.0,0.0,0.0,0.0,0.0,0.0,0.0,0.0,0.0,0.0,0.0,0.0,0.0,0.0,0.0,0.0,14.0,892.5,3.49,0.0,0.0,0.0,0.0,0.0,0.0,0,0.0,3.0,23.53,10.0,78.45,43.0,337.33,134.0,1051.23,431.0,3381.19,58.0,455.01,8.0,62.76,439.32,4950.18,1
WhiteLaketownship,22608,2.91,0.69,98.03,0.43,1.3,14.36,26.88,12.39,6.34,18750,82.94,42549,87.81,0.98,44.73,17.54,5.63,13.94,46578,16750,16833,8975,12763,21196,11203.0,10504,968,4.36,3.75,16.57,16.76,6.2,67.54,24.3,20.98,14.48,24.36,9.43,26.86,12.04,10.75,3.22,82.93,80.98,92.8,79.86,64.5,71.03,410,2.64,464,8.84,8.84,10.13,11.85,0.18,0.18,0.21,0.24,96.45,0.23,4.46,3.6,2.87,2.91,2.53,90.45,2.06,32.43,3,491,94.06,89.13,0.61,47.66,1970,1.57,0.1,71800,97000,132100,60300,364,457,533,169,543,23.8,17.9,12.9,0,0,2.05,84.3,57.66,87.87,96.67,0.0,0.0,0.0,0.0,0.0,0.0,0.0,0.0,0.0,0.0,0.0,0.0,0.0,0.0,0.0,0.0,0.0,34.8,648.8,0.18,0.0,0.0,0.0,0.0,0.0,0.0,0,0.0,0.0,0.0,3.0,12.92,61.0,262.61,157.0,675.91,618.0,2660.58,47.0,202.34,9.0,38.75,0.0,3577.58,0
RiverEdgeborough,10603,2.6,0.61,90.3,8.42,3.51,10.01,20.17,9.22,17.23,10603,100.0,52126,76.55,1.11,67.2,34.72,1.97,21.48,59057,23059,23557,25597,0,17879,15727.0,26020,252,2.38,5.34,13.63,39.14,2.93,65.28,12.56,30.15,6.4,40.97,4.29,26.31,7.13,5.81,3.07,89.21,88.61,98.15,87.56,54.04,66.87,21,0.29,1784,14.13,16.93,24.55,28.7,2.38,2.85,4.13,4.83,80.83,2.72,3.65,2.72,2.59,2.8,2.02,79.22,1.72,36.1,3,82,98.03,73.38,2.44,20.73,1948,0.0,1.23,196300,224000,252700,56400,548,716,866,318,765,28.1,23.5,18.0,0,0,16.83,41.33,71.54,85.8,89.41,0.0,0.0,0.0,0.0,0.0,0.0,0.0,0.0,0.0,0.0,0.0,0.0,0.0,0.0,0.0,0.0,0.0,2.0,5428.5,16.12,0.0,0.0,0.0,0.0,0.0,0.0,0,0.0,1.0,9.13,3.0,27.38,5.0,45.64,29.0,264.72,126.0,1150.16,18.0,164.31,0.0,0.0,82.15,1579.19,0
Thomastownship,10971,2.9,0.4,98.03,0.36,2.02,15.75,24.95,12.62,8.38,6426,58.58,40330,83.73,1.61,54.36,22.13,6.74,16.35,44054,16143,16121,14734,18000,10051,21502.0,17408,525,4.86,5.34,15.98,17.56,5.07,63.15,25.96,24.12,14.39,25.06,5.85,24.85,6.82,6.35,3.18,87.03,84.35,87.01,82.78,60.65,66.47,103,1.21,123,0.0,0.0,0.0,0.0,0.0,0.0,0.0,0.0,96.12,0.2,3.1,2.56,2.85,2.92,2.28,91.04,1.03,29.21,3,104,97.33,88.81,1.92,46.15,1968,0.21,0.0,51000,65800,84200,33200,278,353,435,157,436,26.5,17.0,12.1,0,0,1.12,88.04,62.33,90.38,96.84,0.0,0.0,0.0,0.0,0.0,0.0,0.0,0.0,0.0,0.0,0.0,0.0,0.0,0.0,0.0,0.0,0.0,32.7,336.0,0.1,0.0,0.0,0.0,0.0,0.0,0.0,0,0.0,0.0,0.0,1.0,8.87,12.0,106.47,45.0,399.25,281.0,2493.12,11.0,97.6,1.0,8.87,0.0,2998.85,0
Warsawcity,10968,2.61,1.07,96.7,0.82,2.84,13.42,27.01,12.17,12.49,0,0.0,29978,80.25,1.33,42.3,29.61,4.5,13.43,35328,14633,14853,9787,11013,6831,9058.0,10904,943,8.77,8.12,23.7,17.85,3.47,65.28,38.62,17.61,23.15,22.09,9.28,24.41,13.57,11.6,3.11,76.22,75.11,79.9,79.25,61.41,70.86,234,2.53,239,11.3,35.15,35.15,48.12,0.25,0.77,0.77,1.05,95.17,0.86,5.14,3.64,2.55,2.71,2.25,68.82,2.64,46.31,3,291,93.53,64.75,0.69,26.46,1956,7.49,0.51,41800,56700,83100,41300,233,301,364,131,401,24.2,17.1,12.5,21,0,2.18,69.04,51.7,84.47,92.01,0.0,0.0,0.0,0.0,0.0,0.0,0.0,0.0,0.0,0.0,0.0,0.0,0.0,0.0,0.0,0.0,0.0,9.8,1122.4,0.35,0.0,0.0,0.0,0.0,0.0,0.0,0,0.0,3.0,22.99,1.0,7.66,0.0,0.0,88.0,674.43,551.0,4222.87,35.0,268.24,2.0,15.33,30.66,5180.87,1
Madisontownship,18749,2.9,2.27,96.66,0.62,0.64,15.51,27.09,13.29,8.64,13176,69.9,35575,86.71,1.95,39.77,20.2,2.79,18.25,38189,13384,13296,15266,17951,10909,23849.0,14375,762,4.1,4.85,22.08,11.41,4.98,67.86,16.62,16.94,18.04,19.14,8.37,24.86,11.87,10.18,3.23,81.33,76.31,87.5,82.86,65.89,72.96,216,1.54,336,6.85,18.75,18.75,22.92,0.12,0.34,0.34,0.41,96.79,0.17,5.27,4.25,2.87,2.93,2.66,79.02,1.87,22.75,3,198,97.03,77.36,1.52,27.27,1966,2.34,0.33,54000,65800,84000,30000,292,347,423,131,434,23.2,18.8,11.8,0,0,1.78,77.32,59.5,89.06,95.94,0.0,0.0,0.0,0.0,0.0,0.0,0.0,0.0,0.0,0.0,0.0,0.0,0.0,0.0,0.0,0.0,0.0,46.7,401.2,1.0,0.0,0.0,0.0,0.0,0.0,0.0,0,0.0,5.0,23.62,2.0,9.45,44.0,207.85,88.0,415.7,322.0,1521.09,21.0,99.2,9.0,42.51,240.92,2078.51,0
McAlestercity,16370,2.53,7.67,81.28,0.41,1.25,11.75,23.49,10.69,17.57,0,0.0,19906,64.95,1.72,31.92,38.77,10.84,21.58,24301,10560,11495,5635,6991,2985,10764.0,6444,2995,19.95,13.4,34.63,11.75,9.04,45.81,13.17,23.96,11.81,25.25,13.77,25.62,15.2,14.52,2.89,68.46,63.98,86.03,67.75,58.47,67.95,309,2.11,173,8.67,11.56,11.56,18.5,0.09,0.12,0.12,0.2,96.99,0.52,2.9,1.92,2.3,2.28,2.33,66.91,1.81,45.65,3,782,89.22,67.39,2.69,53.45,1960,10.29,0.06,23300,36500,53900,30600,122,206,285,163,296,24.6,21.0,12.9,20,0,1.06,71.45,55.52,78.05,90.67,0.0,0.0,0.0,0.0,0.0,0.0,0.0,0.0,0.0,0.0,0.0,0.0,0.0,0.0,0.0,0.0,0.0,12.6,1303.3,0.43,0.0,0.0,0.0,0.0,0.0,0.0,0,0.0,6.0,33.84,6.0,33.84,64.0,361.01,172.0,970.22,494.0,2786.55,48.0,270.76,9.0,50.77,428.7,4078.29,0
PalmBaycity,62632,2.68,7.49,89.25,1.76,5.29,11.9,26.35,11.03,10.7,62632,100.0,30287,80.75,0.56,39.9,23.58,3.82,20.37,32725,12645,13052,9057,11112,10037,8550.0,9650,5428,8.73,5.01,17.89,16.66,5.84,63.88,24.57,16.84,12.13,25.28,9.62,23.87,12.86,11.27,3.05,79.06,75.6,90.4,78.75,64.05,70.36,637,1.43,4611,13.29,17.5,25.46,32.38,0.98,1.29,1.87,2.38,90.0,1.11,3.99,3.04,2.67,2.7,2.63,67.42,2.79,38.6,3,2945,88.79,66.83,1.32,22.21,1983,2.71,0.17,54600,67500,86300,31700,369,423,485,116,510,24.8,22.2,11.1,0,0,7.36,23.9,31.24,60.18,68.13,0.0,0.0,0.0,0.0,0.0,0.0,0.0,0.0,0.0,0.0,0.0,0.0,0.0,0.0,0.0,0.0,0.0,65.9,950.2,0.15,0.0,0.0,0.0,0.0,0.0,0.0,4,5.24,22.0,28.84,46.0,60.3,388.0,508.61,952.0,1247.94,2520.0,3303.36,217.0,284.46,8.0,10.49,602.99,4846.24,0
PalmSpringscity,40181,2.16,4.51,83.15,3.34,18.68,8.95,19.86,9.63,23.11,40110,99.82,27538,64.72,0.5,41.98,38.5,6.46,16.07,34642,19725,21757,9890,11614,14120,7385.0,8330,4991,12.6,7.99,22.92,20.36,5.41,54.34,4.58,20.73,7.57,27.25,14.15,31.02,17.94,16.1,2.77,66.62,63.36,76.99,67.61,53.85,64.84,1058,3.37,8101,16.75,30.39,40.59,49.94,3.38,6.13,8.18,10.07,77.42,5.08,5.47,3.03,2.13,2.1,2.17,57.97,7.37,67.07,2,11895,61.02,58.87,0.35,17.7,1973,3.03,0.46,103800,141200,212000,108200,405,498,622,217,563,32.3,27.2,13.9,38,2,20.16,30.24,42.14,65.1,84.11,0.0,0.0,0.0,0.0,0.0,0.0,0.0,0.0,0.0,0.0,0.0,0.0,0.0,0.0,0.0,0.0,0.0,79.3,506.7,3.07,0.0,0.0,0.0,0.0,0.0,0.0,7,17.57,18.0,45.19,155.0,389.11,324.0,813.38,1189.0,2984.89,1875.0,4707.03,505.0,1267.76,82.0,205.85,1265.25,9165.54,1
Walltownship,20244,2.75,0.57,98.37,0.85,1.05,13.27,22.82,11.21,12.68,16012,78.96,46301,80.48,0.75,58.57,28.23,3.18,19.23,54210,21005,21115,4268,16389,28090,1043.0,19196,419,2.09,4.81,15.89,26.83,4.45,65.6,10.17,26.81,8.92,33.15,6.68,28.24,9.23,8.01,3.2,86.01,83.65,94.89,89.37,53.59,62.72,135,0.91,697,5.88,7.03,8.32,9.47,0.2,0.24,0.29,0.33,95.21,0.15,4.46,3.33,2.71,2.83,2.18,85.63,0.75,34.92,3,532,93.26,82.13,3.57,53.38,1961,0.5,0.3,147000,190800,260200,113200,530,650,746,216,702,28.5,24.6,15.8,0,0,3.44,75.72,66.57,87.61,96.63,0.0,0.0,0.0,0.0,0.0,0.0,0.0,0.0,0.0,0.0,0.0,0.0,0.0,0.0,0.0,0.0,0.0,31.7,638.3,2.08,0.0,0.0,0.0,0.0,0.0,0.0,0,0.0,0.0,0.0,7.0,33.05,10.0,47.21,107.0,505.17,326.0,1539.12,11.0,51.93,2.0,9.44,80.26,2105.66,0
Hampdentownship,20384,2.71,0.46,96.45,2.7,0.71,13.86,23.76,11.41,9.42,18516,90.84,44250,85.36,0.7,59.8,20.6,1.72,19.0,50246,20380,20482,8776,3241,20587,9365.0,11918,417,2.06,2.98,9.55,31.41,2.13,70.85,9.83,22.02,9.53,35.34,6.32,22.72,8.94,7.68,3.09,86.71,86.35,93.62,85.82,57.54,67.35,70,0.5,729,13.58,16.6,25.1,29.22,0.49,0.59,0.9,1.04,94.11,0.37,2.53,1.98,2.68,2.79,2.22,85.27,0.73,29.21,3,354,95.51,82.18,0.0,25.42,1972,0.4,0.39,83800,113400,150600,66800,408,456,507,99,539,21.6,19.1,10.9,0,0,3.58,69.22,53.75,71.41,86.92,0.0,0.0,0.0,0.0,0.0,0.0,0.0,0.0,0.0,0.0,0.0,0.0,0.0,0.0,0.0,0.0,0.0,18.4,1107.2,0.34,0.0,0.0,0.0,0.0,0.0,0.0,0,0.0,1.0,4.82,3.0,14.47,32.0,154.34,57.0,274.92,400.0,1929.29,18.0,86.82,1.0,4.82,173.64,2295.86,0
Bloomingtoncity,86335,2.5,1.61,94.71,3.09,0.93,11.69,26.55,12.21,9.12,86335,100.0,41736,86.85,0.99,56.86,19.95,2.63,14.41,48608,20032,20459,14558,21025,10484,11321.0,11868,3154,3.7,2.51,8.76,31.69,3.28,74.28,17.21,21.96,9.56,31.64,7.74,30.48,10.92,9.4,2.95,80.21,80.39,88.29,82.66,72.26,78.55,777,1.27,3491,12.43,17.65,25.72,39.62,0.5,0.71,1.04,1.6,94.3,0.71,2.84,1.97,2.47,2.71,1.92,77.03,1.41,42.58,3,1327,96.29,70.35,0.15,22.61,1967,0.63,0.18,82600,97500,127600,45000,465,545,647,182,574,25.8,20.0,11.3,0,0,4.04,66.76,54.64,82.23,90.48,0.0,0.0,0.0,0.0,0.0,0.0,0.0,0.0,0.0,0.0,0.0,0.0,0.0,0.0,0.0,0.0,0.0,36.8,2345.2,3.14,0.0,0.0,0.0,0.0,0.0,0.0,4,4.65,0.0,0.0,65.0,75.59,103.0,119.79,715.0,831.52,3658.0,4254.13,417.0,484.96,0.0,0.0,0.0,0.0,1
Bedfordtown,12563,3.14,0.19,98.46,1.18,0.52,15.39,21.75,10.85,7.89,2075,16.52,63782,86.11,0.93,65.58,17.51,0.5,14.35,68187,25883,25864,21818,7000,28021,40800.0,24358,274,2.24,4.76,10.34,42.97,3.83,70.83,15.87,25.86,4.5,44.34,4.65,24.24,5.66,5.17,3.31,92.19,91.19,97.6,94.43,71.65,76.65,13,0.15,519,0.0,5.78,10.02,10.02,0.0,0.24,0.41,0.41,87.51,0.22,4.28,3.7,3.07,3.12,2.33,94.74,0.25,13.02,3,159,96.17,93.07,0.0,50.31,1976,0.0,0.0,151700,199500,258600,106900,441,760,930,489,849,26.1,23.1,12.5,0,0,4.13,48.42,60.17,82.33,85.46,0.0,0.0,0.0,0.0,0.0,0.0,0.0,0.0,0.0,0.0,0.0,0.0,0.0,0.0,0.0,0.0,0.0,34.0,369.3,0.39,0.0,0.0,0.0,0.0,0.0,0.0,0,0.0,0.0,0.0,1.0,7.88,3.0,23.64,19.0,149.69,99.0,779.96,8.0,63.03,0.0,0.0,31.51,992.67,0
Rosevillecity,33485,2.47,1.64,95.09,2.55,1.13,12.44,26.35,13.71,15.06,33485,100.0,37862,80.37,1.04,63.17,28.86,3.28,18.25,47077,18593,18834,12789,10428,14394,11008.0,8213,1190,3.71,4.04,11.41,34.55,3.56,66.8,17.44,30.0,6.44,38.04,6.04,30.82,9.09,7.68,2.9,79.49,80.75,82.39,83.77,71.63,77.09,323,1.25,1263,12.67,22.49,29.93,34.13,0.48,0.85,1.13,1.29,94.61,0.66,2.72,1.81,2.37,2.65,1.76,76.57,1.13,46.79,3,654,95.4,68.44,0.15,14.83,1964,0.49,0.27,83100,97000,120700,37600,413,483,566,153,507,26.8,18.6,11.5,0,0,3.77,68.62,58.1,78.99,90.3,0.0,0.0,0.0,0.0,0.0,0.0,0.0,0.0,0.0,0.0,0.0,0.0,0.0,0.0,0.0,0.0,0.0,13.7,2440.2,3.4,0.0,0.0,0.0,0.0,0.0,0.0,0,0.0,0.0,0.0,11.0,32.95,19.0,56.91,198.0,593.06,1730.0,5181.81,134.0,401.37,9.0,26.96,0.0,6203.2,1
Jacksontownship,33233,2.99,3.14,94.45,1.51,4.35,13.22,27.04,11.92,8.65,19675,59.2,44690,84.67,1.12,44.29,22.1,3.55,13.8,48592,16106,16052,17496,17185,15132,18354.0,15844,1234,3.76,6.61,20.48,16.29,5.68,67.52,15.57,19.42,12.64,26.33,6.19,25.84,8.44,7.35,3.33,87.16,83.3,94.52,85.4,57.83,67.54,465,2.0,2133,5.77,8.25,11.95,14.72,0.37,0.53,0.77,0.94,89.48,1.04,6.07,4.9,2.96,3.02,2.56,88.96,1.3,35.49,3,717,93.94,87.22,2.65,54.11,1974,1.22,0.13,119100,143100,171700,52600,487,592,718,231,676,30.6,26.6,16.0,0,0,6.42,59.5,52.08,67.35,91.09,0.0,0.0,0.0,0.0,0.0,0.0,0.0,0.0,0.0,0.0,0.0,0.0,0.0,0.0,0.0,0.0,0.0,103.7,320.6,3.61,0.0,0.0,0.0,0.0,0.0,0.0,0,0.0,0.0,0.0,5.0,14.61,18.0,52.59,114.0,333.09,1296.0,3786.71,34.0,99.34,3.0,8.77,67.2,4227.9,1
SantaBarbaracity,85571,2.49,2.24,77.75,2.33,31.46,11.83,28.99,14.97,13.5,85571,100.0,33667,75.02,1.26,48.54,27.32,6.01,14.9,40912,18934,21781,11372,12656,15436,7652.0,8412,10588,12.68,10.13,20.9,33.12,4.6,65.45,11.42,27.61,8.46,31.04,11.21,40.82,15.94,13.64,3.04,69.29,63.88,81.66,71.12,62.21,68.78,1962,3.72,19281,22.05,32.7,42.22,51.44,4.97,7.37,9.51,11.59,69.74,9.09,9.23,5.22,2.41,2.5,2.35,43.68,10.61,67.49,2,1878,94.82,42.17,0.53,17.52,1959,2.54,0.81,267500,346900,468300,200800,532,670,897,365,715,31.9,27.9,11.1,314,46,22.53,42.42,41.54,74.17,85.6,138.0,160.36,116.0,134.8,111518.0,129587.7,808.1,160.4,91.67,84.78,2.17,9.42,3.62,15.22,5.0,9.0,107.6,19.6,4371.2,3.95,49.0,12005492.0,84.06,0.0,3.62,139507.91,5,5.81,44.0,51.13,159.0,184.76,463.0,538.02,938.0,1089.99,3317.0,3854.47,226.0,262.62,18.0,20.92,779.72,5227.99,1
Franklincity,11026,2.71,0.79,98.77,0.25,0.14,14.91,29.09,14.17,9.85,11026,100.0,25569,75.34,0.89,27.69,27.92,10.26,17.39,30020,10566,10559,15861,3000,7881,0.0,8927,1785,16.4,18.36,39.42,6.47,8.17,56.47,33.04,14.82,25.72,13.99,10.54,24.13,15.09,12.97,3.09,72.77,69.83,70.94,76.3,51.67,64.05,132,1.49,80,12.5,12.5,12.5,22.5,0.09,0.09,0.09,0.16,97.41,0.34,3.89,3.02,2.68,2.76,2.56,62.03,2.31,43.49,3,137,96.74,60.28,5.11,35.04,1960,6.9,0.12,44100,55600,70400,26300,191,270,338,147,361,25.6,17.4,12.2,0,0,0.73,69.94,55.26,79.49,94.39,0.0,0.0,0.0,0.0,0.0,0.0,0.0,0.0,0.0,0.0,0.0,0.0,0.0,0.0,0.0,0.0,0.0,8.4,1306.8,0.2,0.0,0.0,0.0,0.0,0.0,0.0,0,0.0,1.0,8.71,5.0,43.53,21.0,182.83,130.0,1131.81,392.0,3412.85,25.0,217.66,0.0,0.0,235.07,4762.32,1
FortSmithcity,72798,2.46,7.68,86.25,4.09,1.42,13.68,26.3,12.48,13.29,72798,100.0,23835,76.41,0.77,34.84,28.41,5.25,12.46,29812,12994,13767,7263,9949,9013,8158.0,7546,9869,13.8,9.81,26.71,16.74,5.61,61.01,27.68,21.16,20.72,23.72,12.11,23.94,14.93,13.61,3.02,74.27,71.7,81.56,79.91,64.31,69.15,1140,1.98,3010,15.55,27.51,44.68,69.27,0.64,1.14,1.85,2.86,93.79,1.44,4.12,2.77,2.41,2.58,2.18,63.19,3.37,53.52,2,3408,89.69,59.16,1.2,33.66,1964,10.03,0.4,35700,50600,74000,38300,190,246,314,124,315,23.8,17.3,12.6,19,5,4.13,58.02,48.19,75.69,83.69,0.0,0.0,0.0,0.0,0.0,0.0,0.0,0.0,0.0,0.0,0.0,0.0,0.0,0.0,0.0,0.0,0.0,48.4,1504.0,0.06,0.0,0.0,0.0,0.0,0.0,0.0,4,5.3,66.0,87.51,62.0,82.21,389.0,515.77,963.0,1276.83,3956.0,5245.22,391.0,518.42,23.0,30.5,690.79,7070.97,1
GrandChutetown,14490,2.65,0.21,98.5,0.7,0.57,12.62,28.64,13.24,7.28,11208,77.35,39683,86.89,1.22,60.12,17.92,2.45,9.29,45494,17229,17341,14720,18417,3745,4299.0,21128,479,3.39,5.96,13.83,26.47,2.95,73.58,28.71,17.4,14.54,29.54,7.72,28.59,8.31,8.02,3.1,87.72,87.82,93.31,87.75,63.38,71.69,96,1.02,173,3.47,3.47,17.92,17.92,0.04,0.04,0.21,0.21,97.02,0.8,3.3,2.34,2.59,2.98,1.95,71.81,0.95,41.79,3,154,97.26,62.58,0.65,18.83,1980,1.28,0.12,69200,86900,111300,42100,331,388,446,115,429,20.6,19.6,12.0,12,0,1.19,81.33,45.46,69.19,89.35,0.0,0.0,0.0,0.0,0.0,0.0,0.0,0.0,0.0,0.0,0.0,0.0,0.0,0.0,0.0,0.0,0.0,28.5,509.2,0.08,0.0,0.0,0.0,0.0,0.0,0.0,0,0.0,2.0,13.45,1.0,6.73,28.0,188.35,75.0,504.51,741.0,4984.53,16.0,107.63,0.0,0.0,208.53,5596.66,1
